,track_mbid,track_name,artist_mbid,artist_name,album_mbid,album_name,timestamp_uts,timestamp_utc,track_url,streamable
0,193366fa-8408-419c-aa70-e3ee5ceef046,Lose You,,Drake,0b92cfbb-3d3f-42c0-8f24-b9ffed2179ea,More Life,1791326197,2026-10-06 22:36:37+00:00,https://www.last.fm/music/Drake/_/Lose+You,0
1,,Sandra’s Rose,,Drake,399f294f-a7a1-4cd4-a19b-7f32afa7dd13,Scorpion,1791325991,2026-10-06 22:33:11+00:00,https://www.last.fm/music/Drake/_/Sandra%E2%80%99s+Rose,0
2,42c27cfd-cb5b-3612-bb01-db55895483fd,Forty Six & 2,66fc5bf8-daa4-4241-b378-9bc9077939d2,Tool,0e8c2238-3ead-434f-bb5e-d6b7e2fd2c64,Ænima,1791324754,2026-10-06 22:12:34+00:00,https://www.last.fm/music/Tool/_/Forty+Six+&+2,0
3,,Paranoid Android,a74b1b7f-71a5-4011-9441-d0b5e4122711,Radiohead,0b6b4ba0-d36f-47bd-b4ea-6a5b91842d29,OK Computer,1791324342,2026-10-06 22:05:42+00:00,https://www.last.fm/music/Radiohead/_/Paranoid+Android,0
4,1c00441a-259a-32d1-b9fe-f65110d8e187,Fool,ca1dcba2-792c-4550-abf2-7b45396e81ca,bôa,311ad921-98dc-43d5-ad37-ceba57618f52,Twilight,1791324039,2026-10-06 22:00:39+00:00,https://www.last.fm/music/b%C3%B4a/_/Fool,0
5,ce101ca5-61e0-4e6b-a031-e774b7db5f4f,Gwen Everest,8f64d6ea-3f6c-408c-b2e0-e5334b28dae9,Panchiko,460be4b3-5347-45f5-8783-b158d354d97a,Failed at Math(s),1791323799,2026-10-06 21:56:39+00:00,https://www.last.fm/music/Panchiko/_/Gwen+Everest,0
6,4c1bc208-cb30-48a3-9d0f-09e921478413,Space Dementia,9c9f1380-2516-4fc9-a3e6-f9f61941d090,Muse,1cc29145-b0e4-47bf-8bda-a1edef67dd1d,Origin of Symmetry,1791323390,2026-10-06 21:49:50+00:00,https://www.last.fm/music/Muse/_/Space+Dementia,0
7,59d416cf-877c-43dd-bfd5-7e41f9219036,Ever Since WWI,b1168a9c-a946-4a5c-a005-62fc632dfa0c,Team Sleep,,Team Sleep (U.S. Release),1791323188,2026-10-06 21:46:28+00:00,https://www.last.fm/music/Team+Sleep/_/Ever+Since+WWI,0
8,09a7c38b-1ce3-45f9-a152-02eb45ec9b51,Aerials,cc0b7089-c08d-4c10-b6b0-873582c17fd6,System of a Down,03bfb2be-bb2e-3252-ae04-ed15e2c333c6,Toxicity,1791322963,2026-10-06 21:42:43+00:00,https://www.last.fm/music/System+of+a+Down/_/Aerials,0
9,,Frontiers,,✝✝✝ (Crosses),,††† (Crosses),1791322730,2026-10-06 21:38:50+00:00,https://www.last.fm/music/%E2%9C%9D%E2%9C%9D%E2%9C%9D+(Crosses)/_/Frontiers,0
10,003e75e4-7e77-3dcb-b460-5b79d8a2c123,Entombed,7527f6c2-d762-4b88-b5e2-9244f1e34c46,Deftones,2e23341e-9a49-4cf2-89db-8ddd882da2fe,Koi No Yokan,1791322440,2026-10-06 21:34:00+00:00,https://www.last.fm/music/Deftones/_/Entombed,0
11,07c4fcb2-fbd8-4028-8c42-469aaf005835,Beauty School,7527f6c2-d762-4b88-b5e2-9244f1e34c46,Deftones,4021d706-2cd4-4963-8161-6f470bb250e4,Diamond Eyes (Deluxe),1791322163,2026-10-06 21:29:23+00:00,https://www.last.fm/music/Deftones/_/Beauty+School,0
12,03a66ab6-bad9-405b-b4c1-a89ad1a2346d,High by The Beach,63b9b3e3-4fe3-45dd-ac38-9fcc2ba47677,Saint Avangeline,,Shades of Blue (Volume I),1791321913,2026-10-06 21:25:13+00:00,https://www.last.fm/music/Saint+Avangeline/_/High+by+The+Beach,0
13,,In Vein,13bcb2bb-db37-4397-baf5-e0f085be2d64,Rick Ross,71f55f85-7d28-4346-b029-9dce4d49f784,Mastermind,1791321661,2026-10-06 21:21:01+00:00,https://www.last.fm/music/Rick+Ross/_/In+Vein,0
14,,Promises,2db3ee6e-8602-48cc-98a6-cdfd3dd6bbdf,Asal,,Promises,1791321508,2026-10-06 21:18:28+00:00,https://www.last.fm/music/Asal/_/Promises,0
15,,Remember You,f5dfa020-ad69-41cd-b3d4-fd7af0414e94,Wiz Khalifa,,O.N.I.F.C. (Deluxe),1791321228,2026-10-06 21:13:48+00:00,https://www.last.fm/music/Wiz+Khalifa/_/Remember+You,0
16,50bb6ba4-4cca-40a8-b477-e07d02cb0620,Odd Look,eb6de5f6-98f8-4b5a-bfdc-f87fa4936baa,Kavinsky,3449ef2f-15a0-486a-8667-c91eb052cbf9,Odd Look,1791320984,2026-10-06 21:09:44+00:00,https://www.last.fm/music/Kavinsky/_/Odd+Look,0
17,0ae5fac3-d569-4d8b-a217-31aea4b7ddea,Kiss Land,c8b03190-306c-4120-bb0b-6f2ebfc06ea9,The Weeknd,16ff2d98-395c-4c87-aac8-cc4d62a853ec,Kiss Land,1791320535,2026-10-06 21:02:15+00:00,https://www.last.fm/music/The+Weeknd/_/Kiss+Land,0
18,236dbaf3-ddab-4069-9a6a-cb03322840fa,Dollhouse (with Lily Rose Depp),c8b03190-306c-4120-bb0b-6f2ebfc06ea9,The Weeknd,,The Idol Episode 5 Part 2 (Music from the HBO Original Series),1791320305,2026-10-06 20:58:25+00:00,https://www.last.fm/music/The+Weeknd/_/Dollhouse+(with+Lily+Rose+Depp),0
19,01d352f5-6066-4907-8d8e-68d7f7ed7fb3,The Birds Part 2,c8b03190-306c-4120-bb0b-6f2ebfc06ea9,The Weeknd,178b087a-2e9a-4051-b81e-0e5e365f64af,Trilogy,1791257036,2026-10-06 03:23:56+00:00,https://www.last.fm/music/The+Weeknd/_/The+Birds+Part+2,0
20,410fe0c8-56e7-4941-a496-2f5b3c022904,India Rubber,a74b1b7f-71a5-4011-9441-d0b5e4122711,Radiohead,384501d7-6110-406a-9d11-e04a9e81b044,Fake Plastic Trees,1791236817,2026-10-05 21:46:57+00:00,https://www.last.fm/music/Radiohead/_/India+Rubber,0
21,94a74e97-8e17-400c-8b7c-e3b1b15c11e8,CUT,8f64d6ea-3f6c-408c-b2e0-e5334b28dae9,Panchiko,0bd1e9ba-3bea-458c-9a18-98bfee02bd16,D>E>A>T>H>M>E>T>A>L,1791236429,2026-10-05 21:40:29+00:00,https://www.last.fm/music/Panchiko/_/CUT,0
22,15913e5e-3571-42a8-ba84-6e2651508f3e,Romantic Dreams,7527f6c2-d762-4b88-b5e2-9244f1e34c46,Deftones,2e23341e-9a49-4cf2-89db-8ddd882da2fe,Koi No Yokan,1791236128,2026-10-05 21:35:28+00:00,https://www.last.fm/music/Deftones/_/Romantic+Dreams,0
23,1858601f-38ae-44b3-8b4e-5d9601e65f52,Our Ride to the Rectory,b1168a9c-a946-4a5c-a005-62fc632dfa0c,Team Sleep,,Team Sleep (U.S. Release),1791235858,2026-10-05 21:30:58+00:00,https://www.last.fm/music/Team+Sleep/_/Our+Ride+to+the+Rectory,0
24,,Bermuda Locket,,✝✝✝ (Crosses),,††† (Crosses),1791235681,2026-10-05 21:28:01+00:00,https://www.last.fm/music/%E2%9C%9D%E2%9C%9D%E2%9C%9D+(Crosses)/_/Bermuda+Locket,0
25,4ee5990b-b5dd-4e4a-9cbe-07789e3fc499,Phantom Bride,7527f6c2-d762-4b88-b5e2-9244f1e34c46,Deftones,5a54da05-2df4-461e-9525-356ed7fc581d,Gore,1791235222,2026-10-05 21:20:22+00:00,https://www.last.fm/music/Deftones/_/Phantom+Bride,0
26,,"Vermilion, Pt. 2",,Slipknot,,Vol. 3: The Subliminal Verses (Special Edition),1791235007,2026-10-05 21:16:47+00:00,"https://www.last.fm/music/Slipknot/_/Vermilion,+Pt.+2",0
27,,Hate This And I'll Love You,9c9f1380-2516-4fc9-a3e6-f9f61941d090,Muse,03cc4f49-e3f9-4bdc-9964-0cebfbba3360,Showbiz,1791234707,2026-10-05 21:11:47+00:00,https://www.last.fm/music/Muse/_/Hate+This+And+I%27ll+Love+You,0
28,a3dbe50f-5cf6-460f-bedb-f717fa024c50,Untitled Demo 1997,8f64d6ea-3f6c-408c-b2e0-e5334b28dae9,Panchiko,,Ferric Oxide (Demos 1997 - 2001),1791234555,2026-10-05 21:09:15+00:00,https://www.last.fm/music/Panchiko/_/Untitled+Demo+1997,0
29,09a7c38b-1ce3-45f9-a152-02eb45ec9b51,Aerials,cc0b7089-c08d-4c10-b6b0-873582c17fd6,System of a Down,03bfb2be-bb2e-3252-ae04-ed15e2c333c6,Toxicity,1791234329,2026-10-05 21:05:29+00:00,https://www.last.fm/music/System+of+a+Down/_/Aerials,0
30,,Ever (Foreign Flag) - Radio Edit,,Team Sleep,60af018f-366b-4f64-a2ed-75362093dec4,Ever (Foreign Flag),1791234175,2026-10-05 21:02:55+00:00,https://www.last.fm/music/Team+Sleep/_/Ever+(Foreign+Flag)+-+Radio+Edit,0
31,,Option,,✝✝✝ (Crosses),,††† (Crosses),1791233884,2026-10-05 20:58:04+00:00,https://www.last.fm/music/%E2%9C%9D%E2%9C%9D%E2%9C%9D+(Crosses)/_/Option,0
32,0cb4caef-835e-45ba-85a5-d51d924e39fa,976-EVIL,7527f6c2-d762-4b88-b5e2-9244f1e34c46,Deftones,072d9bec-58b3-4204-ba5e-7b16f06eb971,Diamond Eyes,1791233621,2026-10-05 20:53:41+00:00,https://www.last.fm/music/Deftones/_/976-EVIL,0
33,07c4fcb2-fbd8-4028-8c42-469aaf005835,Beauty School,7527f6c2-d762-4b88-b5e2-9244f1e34c46,Deftones,4021d706-2cd4-4963-8161-6f470bb250e4,Diamond Eyes (Deluxe),1791233342,2026-10-05 20:49:02+00:00,https://www.last.fm/music/Deftones/_/Beauty+School,0
34,279a97c2-2a55-45cb-928a-d889c9fb01da,Man of War,a74b1b7f-71a5-4011-9441-d0b5e4122711,Radiohead,10a93427-0313-4138-8864-df340aa06f9a,OK Computer OKNOTOK 1997 2017,1791232985,2026-10-05 20:43:05+00:00,https://www.last.fm/music/Radiohead/_/Man+of+War,0
35,4c1bc208-cb30-48a3-9d0f-09e921478413,Space Dementia,9c9f1380-2516-4fc9-a3e6-f9f61941d090,Muse,1cc29145-b0e4-47bf-8bda-a1edef67dd1d,Origin of Symmetry,1791232611,2026-10-05 20:36:51+00:00,https://www.last.fm/music/Muse/_/Space+Dementia,0
36,60cf268e-d6e2-4902-8000-d6eeddcf74be,Roman Holiday,fd87acc7-e0a0-4a45-bc2a-d2ab5c10be68,Fontaines D.C.,f304e7c4-f66a-4131-8685-f7edeed5e3ea,Skinty Fia,1791232351,2026-10-05 20:32:31+00:00,https://www.last.fm/music/Fontaines+D.C./_/Roman+Holiday,0
37,b7dea9e4-1320-31e5-b6bd-f64718fd4d11,Hole in the Earth,7527f6c2-d762-4b88-b5e2-9244f1e34c46,Deftones,45127ff8-0a5e-41a8-94e4-53b0184b0fe8,Saturday Night Wrist,1791232111,2026-10-05 20:28:31+00:00,https://www.last.fm/music/Deftones/_/Hole+in+the+Earth,0
38,be9db312-2af0-4770-a56a-81fd382e802a,I Love You,fd87acc7-e0a0-4a45-bc2a-d2ab5c10be68,Fontaines D.C.,f304e7c4-f66a-4131-8685-f7edeed5e3ea,Skinty Fia,1791231816,2026-10-05 20:23:36+00:00,https://www.last.fm/music/Fontaines+D.C./_/I+Love+You,0
39,1039fb74-d52f-3bce-8047-006b249d5195,All Mine,8f6bd1e4-fbe1-4f50-aa9b-94c450ec0f11,Portishead,10ac58ca-0655-4b16-a6cb-58fdc309de0a,Portishead,1791085858,2026-10-04 03:50:58+00:00,https://www.last.fm/music/Portishead/_/All+Mine,0
40,f2a0010b-ad69-4c1a-942c-f75a75db017f,Pretty Girls Make Graves - 2011 Remaster,40f5d9e4-2de7-4f2d-ad41-e31a9a9fea27,The Smiths,00a0179e-960f-47d1-8795-5e1568126750,The Smiths,1791059568,2026-10-03 20:32:48+00:00,https://www.last.fm/music/The+Smiths/_/Pretty+Girls+Make+Graves+-+2011+Remaster,0
41,736d0db9-a2e2-4dfa-a0d6-76862ee01d87,Wild Horses,,Basht.,e4dbf538-5c58-4b17-80f5-cf2d37405a57,Dirty White Lies,1791059204,2026-10-03 20:26:44+00:00,https://www.last.fm/music/Basht./_/Wild+Horses,0
42,792c71fc-55b0-301b-966c-c921b83c5f5f,Sexy Boy,,Air,00946eac-75d5-3a44-ba92-735cc38583bb,Moon Safari,1791058913,2026-10-03 20:21:53+00:00,https://www.last.fm/music/Air/_/Sexy+Boy,0
43,07c28afd-c6e9-4d85-bcfb-48bebefa8211,Ginkgo,8f64d6ea-3f6c-408c-b2e0-e5334b28dae9,Panchiko,be95b98c-5cd6-4847-ab86-761dc9458d76,Ginkgo,1791058764,2026-10-03 20:19:24+00:00,https://www.last.fm/music/Panchiko/_/Ginkgo,0
44,736f12bf-d706-300d-b9a3-cac7935f00a5,I Want Someone Badly,e6e879c0-3d56-4f12-b3c5-3ce459661a8e,Jeff Buckley,,Grace (Legacy Edition),1791058618,2026-10-03 20:16:58+00:00,https://www.last.fm/music/Jeff+Buckley/_/I+Want+Someone+Badly,0
45,5b39f50b-63f4-4619-a2ad-402c980b4432,Nabokov,fd87acc7-e0a0-4a45-bc2a-d2ab5c10be68,Fontaines D.C.,f304e7c4-f66a-4131-8685-f7edeed5e3ea,Skinty Fia,1791058288,2026-10-03 20:11:28+00:00,https://www.last.fm/music/Fontaines+D.C./_/Nabokov,0
46,f9e1cacf-0e4f-4ab1-be3c-02d081bcfb24,This Night Has Opened My Eyes - 2011 Remaster,40f5d9e4-2de7-4f2d-ad41-e31a9a9fea27,The Smiths,05eae5e7-c7f0-4ca2-8b0e-2be4f4506983,Hatful of Hollow,1791058063,2026-10-03 20:07:43+00:00,https://www.last.fm/music/The+Smiths/_/This+Night+Has+Opened+My+Eyes+-+2011+Remaster,0
47,4a0a8e34-ca3e-45da-9054-cf8e6b8a1103,Sour Times,8f6bd1e4-fbe1-4f50-aa9b-94c450ec0f11,Portishead,00163fb1-5ab7-4fec-b0dd-a915e2722340,Dummy,1791057820,2026-10-03 20:03:40+00:00,https://www.last.fm/music/Portishead/_/Sour+Times,0
48,09ee9a77-5047-3a55-b647-1f36d995a0c3,This Mess We're In,e795e03d-b5d5-4a5f-834d-162cfb308a2c,PJ Harvey,1e9f36a7-074e-4a84-a6b2-c3ff82d7d1e1,"Stories From the City, Stories From the Sea",1791057593,2026-10-03 19:59:53+00:00,https://www.last.fm/music/PJ+Harvey/_/This+Mess+We%27re+In,0
49,07c4fcb2-fbd8-4028-8c42-469aaf005835,Beauty School,7527f6c2-d762-4b88-b5e2-9244f1e34c46,Deftones,4021d706-2cd4-4963-8161-6f470bb250e4,Diamond Eyes (Deluxe),1791057315,2026-10-03 19:55:15+00:00,https://www.last.fm/music/Deftones/_/Beauty+School,0
50,34854dca-e909-4271-8bb1-00f2cf5a4d53,Xerces,7527f6c2-d762-4b88-b5e2-9244f1e34c46,Deftones,45127ff8-0a5e-41a8-94e4-53b0184b0fe8,Saturday Night Wrist,1791057198,2026-10-03 19:53:18+00:00,https://www.last.fm/music/Deftones/_/Xerces,0
51,00132f55-cdb5-4818-9d04-a8f6be0c2ef3,Outside,c8b03190-306c-4120-bb0b-6f2ebfc06ea9,The Weeknd,,Echoes Of Silence (Original),1791056950,2026-10-03 19:49:10+00:00,https://www.last.fm/music/The+Weeknd/_/Outside,0
52,be9db312-2af0-4770-a56a-81fd382e802a,I Love You,fd87acc7-e0a0-4a45-bc2a-d2ab5c10be68,Fontaines D.C.,f304e7c4-f66a-4131-8685-f7edeed5e3ea,Skinty Fia,1791056408,2026-10-03 19:40:08+00:00,https://www.last.fm/music/Fontaines+D.C./_/I+Love+You,0
53,585cae91-f731-45b8-9b4b-da754b645cdc,I Hate Everything About You,fabb37f8-eb2a-4cc1-a72a-b56935bbb72d,Three Days Grace,129c8d59-41ef-4682-a288-c1e88ef471e6,Three Days Grace,1791054225,2026-10-03 19:03:45+00:00,https://www.last.fm/music/Three+Days+Grace/_/I+Hate+Everything+About+You,0
54,138caca9-405b-3e5a-a109-444b42f41526,This Place Is Death,7527f6c2-d762-4b88-b5e2-9244f1e34c46,Deftones,072d9bec-58b3-4204-ba5e-7b16f06eb971,Diamond Eyes,1791052005,2026-10-03 18:26:45+00:00,https://www.last.fm/music/Deftones/_/This+Place+Is+Death,0
55,1c00441a-259a-32d1-b9fe-f65110d8e187,Fool,ca1dcba2-792c-4550-abf2-7b45396e81ca,bôa,311ad921-98dc-43d5-ad37-ceba57618f52,Twilight,1791051707,2026-10-03 18:21:47+00:00,https://www.last.fm/music/b%C3%B4a/_/Fool,0
56,,Nineteen Ninety Four,,✝✝✝ (Crosses),,††† (Crosses),1791051459,2026-10-03 18:17:39+00:00,https://www.last.fm/music/%E2%9C%9D%E2%9C%9D%E2%9C%9D+(Crosses)/_/Nineteen+Ninety+Four,0
57,f06f9299-ef18-3eab-bcc5-d7a3e36689ff,Your Skull Is Red,b1168a9c-a946-4a5c-a005-62fc632dfa0c,Team Sleep,,Team Sleep (U.S. Release),1791051247,2026-10-03 18:14:07+00:00,https://www.last.fm/music/Team+Sleep/_/Your+Skull+Is+Red,0
58,0cecc75b-50d7-3465-a834-6fb9b3201887,When the Sun Hits,a16371b9-7d36-497a-a9d4-42b0a0440c5e,Slowdive,07d02411-6722-4071-8130-14fb8512288a,Souvlaki,1791050970,2026-10-03 18:09:30+00:00,https://www.last.fm/music/Slowdive/_/When+the+Sun+Hits,0
59,050c237c-56d6-448d-b090-e4f6b365d5a8,Kicking Cars,8f64d6ea-3f6c-408c-b2e0-e5334b28dae9,Panchiko,0bd1e9ba-3bea-458c-9a18-98bfee02bd16,D>E>A>T>H>M>E>T>A>L,1791050728,2026-10-03 18:05:28+00:00,https://www.last.fm/music/Panchiko/_/Kicking+Cars,0
60,023dcf4c-6a94-35d0-b700-650c2e9e2d42,Duality,,Slipknot,,Vol. 3: The Subliminal Verses (Special Edition),1791050484,2026-10-03 18:01:24+00:00,https://www.last.fm/music/Slipknot/_/Duality,0
61,08a42744-ef73-46d3-b37c-9b44657bfb85,Risk,7527f6c2-d762-4b88-b5e2-9244f1e34c46,Deftones,072d9bec-58b3-4204-ba5e-7b16f06eb971,Diamond Eyes,1791050275,2026-10-03 17:57:55+00:00,https://www.last.fm/music/Deftones/_/Risk,0
62,da25eade-e561-4af9-90ed-9f3619a05cf1,I Know It's Over - 2011 Remaster,40f5d9e4-2de7-4f2d-ad41-e31a9a9fea27,The Smiths,0fcc367d-af66-49ee-b7b0-8351a91e04c0,The Queen Is Dead,1791049935,2026-10-03 17:52:15+00:00,https://www.last.fm/music/The+Smiths/_/I+Know+It%27s+Over+-+2011+Remaster,0
63,dfdcada5-cccf-44dd-9390-298d9dd660e3,Dream Brother,e6e879c0-3d56-4f12-b3c5-3ce459661a8e,Jeff Buckley,1964ad07-cf2b-3508-88d7-fc96e7bb0803,Grace,1791049552,2026-10-03 17:45:52+00:00,https://www.last.fm/music/Jeff+Buckley/_/Dream+Brother,0
64,00132f55-cdb5-4818-9d04-a8f6be0c2ef3,Outside,c8b03190-306c-4120-bb0b-6f2ebfc06ea9,The Weeknd,,Echoes Of Silence (Original),1790981985,2026-10-02 22:59:45+00:00,https://www.last.fm/music/The+Weeknd/_/Outside,0
65,09a7c38b-1ce3-45f9-a152-02eb45ec9b51,Aerials,cc0b7089-c08d-4c10-b6b0-873582c17fd6,System of a Down,03bfb2be-bb2e-3252-ae04-ed15e2c333c6,Toxicity,1790981170,2026-10-02 22:46:10+00:00,https://www.last.fm/music/System+of+a+Down/_/Aerials,0
66,4c1bc208-cb30-48a3-9d0f-09e921478413,Space Dementia,9c9f1380-2516-4fc9-a3e6-f9f61941d090,Muse,1cc29145-b0e4-47bf-8bda-a1edef67dd1d,Origin of Symmetry,1790980683,2026-10-02 22:38:03+00:00,https://www.last.fm/music/Muse/_/Space+Dementia,0
67,,Thholyghst,,✝✝✝ (Crosses),,††† (Crosses),1790980427,2026-10-02 22:33:47+00:00,https://www.last.fm/music/%E2%9C%9D%E2%9C%9D%E2%9C%9D+(Crosses)/_/Thholyghst,0
68,07c4fcb2-fbd8-4028-8c42-469aaf005835,Beauty School,7527f6c2-d762-4b88-b5e2-9244f1e34c46,Deftones,4021d706-2cd4-4963-8161-6f470bb250e4,Diamond Eyes (Deluxe),1790980030,2026-10-02 22:27:10+00:00,https://www.last.fm/music/Deftones/_/Beauty+School,0
69,2a37fbe6-f3e7-418e-90d0-a09453f630ab,The Hills,c8b03190-306c-4120-bb0b-6f2ebfc06ea9,The Weeknd,0e6bd297-d1b2-4386-8c0a-8d50eb2a33a1,Beauty Behind the Madness,1790979777,2026-10-02 22:22:57+00:00,https://www.last.fm/music/The+Weeknd/_/The+Hills,0
70,25a1c1be-d667-4b88-9eb2-75d28a57c6be,Often,c8b03190-306c-4120-bb0b-6f2ebfc06ea9,The Weeknd,0e6bd297-d1b2-4386-8c0a-8d50eb2a33a1,Beauty Behind the Madness,1790979528,2026-10-02 22:18:48+00:00,https://www.last.fm/music/The+Weeknd/_/Often,0
71,0c660649-372c-4eb3-bc92-50bf537f047f,Tell Your Friends,c8b03190-306c-4120-bb0b-6f2ebfc06ea9,The Weeknd,0e6bd297-d1b2-4386-8c0a-8d50eb2a33a1,Beauty Behind the Madness,1790908620,2026-10-02 02:37:00+00:00,https://www.last.fm/music/The+Weeknd/_/Tell+Your+Friends,0
72,11b58182-f502-3b74-9357-6b34e8e5e656,Wicked Games,c8b03190-306c-4120-bb0b-6f2ebfc06ea9,The Weeknd,178b087a-2e9a-4051-b81e-0e5e365f64af,Trilogy,1790892452,2026-10-01 22:07:32+00:00,https://www.last.fm/music/The+Weeknd/_/Wicked+Games,0
73,175c8439-b607-4cf9-9e25-b9066e62b126,Digital Bath,7527f6c2-d762-4b88-b5e2-9244f1e34c46,Deftones,2ac33cc2-a2e3-4275-8afd-fb01cf016465,White Pony,1790807046,2026-09-30 22:24:06+00:00,https://www.last.fm/music/Deftones/_/Digital+Bath,0
74,38e98f8c-59de-497a-bd91-7e4ae00fed42,Sober,66fc5bf8-daa4-4241-b378-9bc9077939d2,Tool,30d9b6eb-afec-4524-8ba7-c79688a13832,Undertow,1790806821,2026-09-30 22:20:21+00:00,https://www.last.fm/music/Tool/_/Sober,0
75,,Hate This And I'll Love You,9c9f1380-2516-4fc9-a3e6-f9f61941d090,Muse,03cc4f49-e3f9-4bdc-9964-0cebfbba3360,Showbiz,1790806459,2026-09-30 22:14:19+00:00,https://www.last.fm/music/Muse/_/Hate+This+And+I%27ll+Love+You,0
76,69ba9c4e-b684-3c32-b532-b8bd58c08f80,So Real,e6e879c0-3d56-4f12-b3c5-3ce459661a8e,Jeff Buckley,1964ad07-cf2b-3508-88d7-fc96e7bb0803,Grace,1790806174,2026-09-30 22:09:34+00:00,https://www.last.fm/music/Jeff+Buckley/_/So+Real,0
77,,Paranoid Android,a74b1b7f-71a5-4011-9441-d0b5e4122711,Radiohead,0b6b4ba0-d36f-47bd-b4ea-6a5b91842d29,OK Computer,1790805774,2026-09-30 22:02:54+00:00,https://www.last.fm/music/Radiohead/_/Paranoid+Android,0
78,09a7c38b-1ce3-45f9-a152-02eb45ec9b51,Aerials,cc0b7089-c08d-4c10-b6b0-873582c17fd6,System of a Down,03bfb2be-bb2e-3252-ae04-ed15e2c333c6,Toxicity,1790805548,2026-09-30 21:59:08+00:00,https://www.last.fm/music/System+of+a+Down/_/Aerials,0
79,,Option,,✝✝✝ (Crosses),,††† (Crosses),1790805292,2026-09-30 21:54:52+00:00,https://www.last.fm/music/%E2%9C%9D%E2%9C%9D%E2%9C%9D+(Crosses)/_/Option,0
80,0cb4caef-835e-45ba-85a5-d51d924e39fa,976-EVIL,7527f6c2-d762-4b88-b5e2-9244f1e34c46,Deftones,072d9bec-58b3-4204-ba5e-7b16f06eb971,Diamond Eyes,1790805029,2026-09-30 21:50:29+00:00,https://www.last.fm/music/Deftones/_/976-EVIL,0
81,07c4fcb2-fbd8-4028-8c42-469aaf005835,Beauty School,7527f6c2-d762-4b88-b5e2-9244f1e34c46,Deftones,4021d706-2cd4-4963-8161-6f470bb250e4,Diamond Eyes (Deluxe),1790804709,2026-09-30 21:45:09+00:00,https://www.last.fm/music/Deftones/_/Beauty+School,0
82,,Overnight Celebrity (Feat. Miri Ben-Ari),,Twista,09debf1f-94e9-4a69-a4ec-1ad6d04e8950,Kamikaze,1790804393,2026-09-30 21:39:53+00:00,https://www.last.fm/music/Twista/_/Overnight+Celebrity+(Feat.+Miri+Ben-Ari),0
83,7b51a844-9601-4d8d-8a35-ef262039cc87,Under Ground Kings,,Drake,,Take Care (Deluxe),1790804190,2026-09-30 21:36:30+00:00,https://www.last.fm/music/Drake/_/Under+Ground+Kings,0
84,072a03dd-e3a8-4b1f-aa0a-87c5a3a13669,God Gave Me Style,8e68819d-71be-4e7d-b41d-f1df81b01d3f,50 Cent,010ceb44-ac45-3163-b8ea-2784b8be4628,The Massacre,1790803970,2026-09-30 21:32:50+00:00,https://www.last.fm/music/50+Cent/_/God+Gave+Me+Style,0
85,17159a98-3f8d-40db-8644-d1064edc3697,3005,7fb57fba-a6ef-44c2-abab-2fa3bdee607e,Childish Gambino,79014bd3-d9ee-4ae8-8c3d-64ee19c2d3f1,Because the Internet,1790803810,2026-09-30 21:30:10+00:00,https://www.last.fm/music/Childish+Gambino/_/3005,0
86,08faf37c-6958-4fd1-ab0f-a2cbc35240ac,Furthest Thing,,Drake,21278b71-fb3d-4202-abdd-0b60c958d77d,Nothing Was the Same,1790803609,2026-09-30 21:26:49+00:00,https://www.last.fm/music/Drake/_/Furthest+Thing,0
87,,Un-thinkable (I'm Ready) (feat. Drake) - Remix,,Alicia Keys,,Un-Thinkable (I'm Ready) (Feat. Drake) [Remix],1790803336,2026-09-30 21:22:16+00:00,https://www.last.fm/music/Alicia+Keys/_/Un-thinkable+(I%27m+Ready)+(feat.+Drake)+-+Remix,0
88,0cd2aecb-6c29-453b-99e5-a63f1a0c0501,The Zone,c8b03190-306c-4120-bb0b-6f2ebfc06ea9,The Weeknd,,Thursday (Original),1790802243,2026-09-30 21:04:03+00:00,https://www.last.fm/music/The+Weeknd/_/The+Zone,0
89,276e5de4-fc4b-3f80-a7ff-2d0b4c3b7f2f,We'll Be Fine,,Drake,,Take Care (Deluxe),1790802005,2026-09-30 21:00:05+00:00,https://www.last.fm/music/Drake/_/We%27ll+Be+Fine,0
90,,Cry Wolf,589e6ebd-9896-4ca5-923a-14ee0845edbe,SUNDAZER,,Cry Wolf,1790711210,2026-09-29 19:46:50+00:00,https://www.last.fm/music/SUNDAZER/_/Cry+Wolf,0
91,4d36be2a-daad-4678-9425-11c8949f6a44,Auto-Reverse,00034ede-a1f1-4219-be39-02f36853373e,O Rappa,,Nunca Tem Fim (Standard),1790701303,2026-09-29 17:01:43+00:00,https://www.last.fm/music/O+Rappa/_/Auto-Reverse,0
92,1a8a5d07-315f-4b8b-8f5d-74fdc138d26d,the man who sold the world - live,,Nirvana,045af24f-47aa-4730-a2e6-cc135a12a610,MTV Unplugged in New York,1790699236,2026-09-29 16:27:16+00:00,https://www.last.fm/music/Nirvana/_/the+man+who+sold+the+world+-+live,0
93,4d36be2a-daad-4678-9425-11c8949f6a44,Auto-Reverse,00034ede-a1f1-4219-be39-02f36853373e,O Rappa,,Nunca Tem Fim (Standard),1790698222,2026-09-29 16:10:22+00:00,https://www.last.fm/music/O+Rappa/_/Auto-Reverse,0
94,07e81d0f-fb4b-4ac7-b992-af1436115a42,Blue Spanish Sky,479497d4-e7c2-4e78-972e-56e78fac3995,Chris Isaak,06fe03f3-073e-48cc-8c87-2f70dc2dac7f,Heart Shaped World,1790695250,2026-09-29 15:20:50+00:00,https://www.last.fm/music/Chris+Isaak/_/Blue+Spanish+Sky,0
95,,Hako Is Alive And She Is 59,3a75e7af-4b3c-4517-bcb2-b13588e2f60f,mokumoku,,Hako Is Alive and She Is 59,1790695004,2026-09-29 15:16:44+00:00,https://www.last.fm/music/mokumoku/_/Hako+Is+Alive+And+She+Is+59,0
96,3193c1e3-0bc4-4a38-8651-199ceef4bc63,I Don't Belong,fd87acc7-e0a0-4a45-bc2a-d2ab5c10be68,Fontaines D.C.,07022918-8438-4942-98f4-0dae325b8b2c,A Hero's Death,1790694732,2026-09-29 15:12:12+00:00,https://www.last.fm/music/Fontaines+D.C./_/I+Don%27t+Belong,0
97,6a333674-7e9e-4d9b-8b71-7e95a296f4fb,Knives Out,a74b1b7f-71a5-4011-9441-d0b5e4122711,Radiohead,0762fd5f-99f2-4501-8b4b-c294e09f90db,Amnesiac,1790694477,2026-09-29 15:07:57+00:00,https://www.last.fm/music/Radiohead/_/Knives+Out,0
98,dbef7fe8-8f42-4bda-ab2b-cc8d3320aeb8,Skrting on the Surface,9055fca5-69bc-4d47-b569-ab2012a19565,The Smile,dcc56390-f6bc-4e63-88b2-d6a4c78d333f,A Light for Attracting Attention,1790694167,2026-09-29 15:02:47+00:00,https://www.last.fm/music/The+Smile/_/Skrting+on+the+Surface,0
99,37e5f882-8368-48b5-a92b-92080f8ab6cb,Sugar for the Pill,a16371b9-7d36-497a-a9d4-42b0a0440c5e,Slowdive,25da871f-ca88-4076-92d4-fe4161c361ba,Slowdive,1790693896,2026-09-29 14:58:16+00:00,https://www.last.fm/music/Slowdive/_/Sugar+for+the+Pill,0
100,659884c9-ea06-4ef3-a76f-12d4297d373b,－･･ ･－ －･ －･－･ ･ －－ ･ － －－－ － ････ ･ ･ －･ －･･ －－－ ･･－･ ･－･･ －－－ ･･･－ ･,,･ ･－･ ･－ ･･･ ･ －･･,,－･･ ･－ －･ －･－･ ･ －－ ･ － －－－ － ････ ･ ･ －･ －･･ －－－ ･･－･ ･－･･ －－－ ･･･－ ･,1790693539,2026-09-29 14:52:19+00:00,https://www.last.fm/music/%EF%BD%A5+%EF%BD%A5%EF%BC%8D%EF%BD%A5+%EF%BD%A5%EF%BC%8D+%EF%BD%A5%EF%BD%A5%EF%BD%A5+%EF%BD%A5+%EF%BC%8D%EF%BD%A5%EF%BD%A5/_/%EF%BC%8D%EF%BD%A5%EF%BD%A5+%EF%BD%A5%EF%BC%8D+%EF%BC%8D%EF%BD%A5+%EF%BC%8D%EF%BD%A5%EF%BC%8D%EF%BD%A5+%EF%BD%A5+%EF%BC%8D%EF%BC%8D+%EF%BD%A5+%EF%BC%8D+%EF%BC%8D%EF%BC%8D%EF%BC%8D+%EF%BC%8D+%EF%BD%A5%EF%BD%A5%EF%BD%A5%EF%BD%A5+%EF%BD%A5+%EF%BD%A5+%EF%BC%8D%EF%BD%A5+%EF%BC%8D%EF%BD%A5%EF%BD%A5+%EF%BC%8D%EF%BC%8D%EF%BC%8D+%EF%BD%A5%EF%BD%A5%EF%BC%8D%EF%BD%A5+%EF%BD%A5%EF%BC%8D%EF%BD%A5%EF%BD%A5+%EF%BC%8D%EF%BC%8D%EF%BC%8D+%EF%BD%A5%EF%BD%A5%EF%BD%A5%EF%BC%8D+%EF%BD%A5,0
101,1bc76d05-c688-4588-ab5a-cbb34f7b79a2,Spectre,a74b1b7f-71a5-4011-9441-d0b5e4122711,Radiohead,db18e661-a69e-42c6-8ec8-089f1871a147,Spectre,1790693339,2026-09-29 14:48:59+00:00,https://www.last.fm/music/Radiohead/_/Spectre,0
102,c7df19e4-fa85-42f7-b882-bffce765aa79,Between the Bars,27ad6f29-5f2c-499a-b823-8edd5e01d277,Elliott Smith,028eb7db-16a4-4934-b3a8-2462ab50b121,Either/Or,1790693198,2026-09-29 14:46:38+00:00,https://www.last.fm/music/Elliott+Smith/_/Between+the+Bars,0
103,06390fb0-a62e-34d6-95eb-1077068919f6,Roads,8f6bd1e4-fbe1-4f50-aa9b-94c450ec0f11,Portishead,00163fb1-5ab7-4fec-b0dd-a915e2722340,Dummy,1790692893,2026-09-29 14:41:33+00:00,https://www.last.fm/music/Portishead/_/Roads,0
104,,Trying Too Hard (Lullaby),fcb0ce5b-2b2d-4400-a672-f6354d1dac5f,Noah Yorke,,Trying Too Hard (Lullaby),1790692699,2026-09-29 14:38:19+00:00,https://www.last.fm/music/Noah+Yorke/_/Trying+Too+Hard+(Lullaby),0
105,,Red Skies,,Dylan Gers,,Red Skies,1790692485,2026-09-29 14:34:45+00:00,https://www.last.fm/music/Dylan+Gers/_/Red+Skies,0
106,,Pyramid Song,a74b1b7f-71a5-4011-9441-d0b5e4122711,Radiohead,0762fd5f-99f2-4501-8b4b-c294e09f90db,Amnesiac,1790692196,2026-09-29 14:29:56+00:00,https://www.last.fm/music/Radiohead/_/Pyramid+Song,0
107,be9db312-2af0-4770-a56a-81fd382e802a,I Love You,fd87acc7-e0a0-4a45-bc2a-d2ab5c10be68,Fontaines D.C.,f304e7c4-f66a-4131-8685-f7edeed5e3ea,Skinty Fia,1790691890,2026-09-29 14:24:50+00:00,https://www.last.fm/music/Fontaines+D.C./_/I+Love+You,0
108,6315e507-26a9-3d9f-a572-996b249b068b,A Rush of Blood to the Head,cc197bad-dc9c-440d-a5b5-d52ba2e14234,Coldplay,03c93d2c-430c-4961-97b0-56e0d7cb754b,A Rush of Blood to the Head,1790691538,2026-09-29 14:18:58+00:00,https://www.last.fm/music/Coldplay/_/A+Rush+of+Blood+to+the+Head,0
109,09ee9a77-5047-3a55-b647-1f36d995a0c3,This Mess We're In,e795e03d-b5d5-4a5f-834d-162cfb308a2c,PJ Harvey,1e9f36a7-074e-4a84-a6b2-c3ff82d7d1e1,"Stories From the City, Stories From the Sea",1790691302,2026-09-29 14:15:02+00:00,https://www.last.fm/music/PJ+Harvey/_/This+Mess+We%27re+In,0
110,798d1259-1c67-38fa-8919-0dd730e4b1c1,How To Fight Loneliness,9e53f84d-ef44-4c16-9677-5fd4d78cbd7d,Wilco,312cb54d-9c3c-4181-8f13-1345d87f5810,summerteeth,1790691070,2026-09-29 14:11:10+00:00,https://www.last.fm/music/Wilco/_/How+To+Fight+Loneliness,0
111,279a97c2-2a55-45cb-928a-d889c9fb01da,Man of War,a74b1b7f-71a5-4011-9441-d0b5e4122711,Radiohead,10a93427-0313-4138-8864-df340aa06f9a,OK Computer OKNOTOK 1997 2017,1790690800,2026-09-29 14:06:40+00:00,https://www.last.fm/music/Radiohead/_/Man+of+War,0
112,,Cry Wolf,589e6ebd-9896-4ca5-923a-14ee0845edbe,SUNDAZER,,Cry Wolf,1790632170,2026-09-28 21:49:30+00:00,https://www.last.fm/music/SUNDAZER/_/Cry+Wolf,0
113,c9b2391f-a643-31f5-9cb7-03dc09774a59,Tempest,7527f6c2-d762-4b88-b5e2-9244f1e34c46,Deftones,2e23341e-9a49-4cf2-89db-8ddd882da2fe,Koi No Yokan,1790631937,2026-09-28 21:45:37+00:00,https://www.last.fm/music/Deftones/_/Tempest,0
114,4c1bc208-cb30-48a3-9d0f-09e921478413,Space Dementia,9c9f1380-2516-4fc9-a3e6-f9f61941d090,Muse,1cc29145-b0e4-47bf-8bda-a1edef67dd1d,Origin of Symmetry,1790631649,2026-09-28 21:40:49+00:00,https://www.last.fm/music/Muse/_/Space+Dementia,0
115,,Bitches Brew,,✝✝✝ (Crosses),,††† (Crosses),1790631451,2026-09-28 21:37:31+00:00,https://www.last.fm/music/%E2%9C%9D%E2%9C%9D%E2%9C%9D+(Crosses)/_/Bitches+Brew,0
116,16913b22-4234-4d8e-a96d-fa67b809f7fc,Tonight (demo),e2f82804-26c7-4269-95e0-1ed7a4dda6f5,Amira Elfeky,d66e8359-7341-42a6-9952-fb85788e5e6c,Tonight (demo),1790631323,2026-09-28 21:35:23+00:00,https://www.last.fm/music/Amira+Elfeky/_/Tonight+(demo),0
117,4ee5990b-b5dd-4e4a-9cbe-07789e3fc499,Phantom Bride,7527f6c2-d762-4b88-b5e2-9244f1e34c46,Deftones,5a54da05-2df4-461e-9525-356ed7fc581d,Gore,1790631027,2026-09-28 21:30:27+00:00,https://www.last.fm/music/Deftones/_/Phantom+Bride,0
118,,Closer,589e6ebd-9896-4ca5-923a-14ee0845edbe,SUNDAZER,,Closer,1790630715,2026-09-28 21:25:15+00:00,https://www.last.fm/music/SUNDAZER/_/Closer,0
119,,Hate This And I'll Love You,9c9f1380-2516-4fc9-a3e6-f9f61941d090,Muse,03cc4f49-e3f9-4bdc-9964-0cebfbba3360,Showbiz,1790630409,2026-09-28 21:20:09+00:00,https://www.last.fm/music/Muse/_/Hate+This+And+I%27ll+Love+You,0
120,,Option,,✝✝✝ (Crosses),,††† (Crosses),1790630114,2026-09-28 21:15:14+00:00,https://www.last.fm/music/%E2%9C%9D%E2%9C%9D%E2%9C%9D+(Crosses)/_/Option,0
121,0904b487-61f4-31e5-9f57-837095037b75,Minerva,7527f6c2-d762-4b88-b5e2-9244f1e34c46,Deftones,02ca5c29-ebfb-4029-942a-48314b8094a1,Deftones,1790629866,2026-09-28 21:11:06+00:00,https://www.last.fm/music/Deftones/_/Minerva,0
122,07c4fcb2-fbd8-4028-8c42-469aaf005835,Beauty School,7527f6c2-d762-4b88-b5e2-9244f1e34c46,Deftones,4021d706-2cd4-4963-8161-6f470bb250e4,Diamond Eyes (Deluxe),1790629594,2026-09-28 21:06:34+00:00,https://www.last.fm/music/Deftones/_/Beauty+School,0
123,89843629-cc0a-47d4-8314-fffb02b18c7e,Starburster,fd87acc7-e0a0-4a45-bc2a-d2ab5c10be68,Fontaines D.C.,6e0aa1d9-17ce-4423-87bc-4fec3d0b5f34,Romance,1790629322,2026-09-28 21:02:02+00:00,https://www.last.fm/music/Fontaines+D.C./_/Starburster,0
124,fa268db4-6155-494a-9914-57b6c524d791,Burn,,Basht.,,Burn,1790629057,2026-09-28 20:57:37+00:00,https://www.last.fm/music/Basht./_/Burn,0
125,da5e0baa-67c6-4c55-a0ad-c304b37c0c9e,Angel,038bd27c-ebec-44e5-9880-1f5eb933db11,NewDad,b9b044fc-d041-4dca-9dd6-92ab93faaff3,Madra,1790628868,2026-09-28 20:54:28+00:00,https://www.last.fm/music/NewDad/_/Angel,0
126,6143a372-f662-43af-9179-f11bd7da491e,Big Shot,fd87acc7-e0a0-4a45-bc2a-d2ab5c10be68,Fontaines D.C.,f304e7c4-f66a-4131-8685-f7edeed5e3ea,Skinty Fia,1790628592,2026-09-28 20:49:52+00:00,https://www.last.fm/music/Fontaines+D.C./_/Big+Shot,0
127,,Climbing Up the Walls,a74b1b7f-71a5-4011-9441-d0b5e4122711,Radiohead,0b6b4ba0-d36f-47bd-b4ea-6a5b91842d29,OK Computer,1790628299,2026-09-28 20:44:59+00:00,https://www.last.fm/music/Radiohead/_/Climbing+Up+the+Walls,0
128,07c4fcb2-fbd8-4028-8c42-469aaf005835,Beauty School,7527f6c2-d762-4b88-b5e2-9244f1e34c46,Deftones,4021d706-2cd4-4963-8161-6f470bb250e4,Diamond Eyes (Deluxe),1790627985,2026-09-28 20:39:45+00:00,https://www.last.fm/music/Deftones/_/Beauty+School,0
129,34854dca-e909-4271-8bb1-00f2cf5a4d53,Xerces,7527f6c2-d762-4b88-b5e2-9244f1e34c46,Deftones,45127ff8-0a5e-41a8-94e4-53b0184b0fe8,Saturday Night Wrist,1790627796,2026-09-28 20:36:36+00:00,https://www.last.fm/music/Deftones/_/Xerces,0
130,321e9e81-4dd3-3fce-bb77-659d453fcee1,When I'm Small,dfe78af2-779e-4137-826a-3073a16e3278,Phantogram,1eab6574-ab5c-3480-a5bd-8603505a7a89,Eyelid Movies,1790627555,2026-09-28 20:32:35+00:00,https://www.last.fm/music/Phantogram/_/When+I%27m+Small,0
131,60cf268e-d6e2-4902-8000-d6eeddcf74be,Roman Holiday,fd87acc7-e0a0-4a45-bc2a-d2ab5c10be68,Fontaines D.C.,f304e7c4-f66a-4131-8685-f7edeed5e3ea,Skinty Fia,1790627296,2026-09-28 20:28:16+00:00,https://www.last.fm/music/Fontaines+D.C./_/Roman+Holiday,0
132,be9db312-2af0-4770-a56a-81fd382e802a,I Love You,fd87acc7-e0a0-4a45-bc2a-d2ab5c10be68,Fontaines D.C.,f304e7c4-f66a-4131-8685-f7edeed5e3ea,Skinty Fia,1790627000,2026-09-28 20:23:20+00:00,https://www.last.fm/music/Fontaines+D.C./_/I+Love+You,0
133,09a7c38b-1ce3-45f9-a152-02eb45ec9b51,Aerials,cc0b7089-c08d-4c10-b6b0-873582c17fd6,System of a Down,03bfb2be-bb2e-3252-ae04-ed15e2c333c6,Toxicity,1790549135,2026-09-27 22:45:35+00:00,https://www.last.fm/music/System+of+a+Down/_/Aerials,0
134,08a42744-ef73-46d3-b37c-9b44657bfb85,Risk,7527f6c2-d762-4b88-b5e2-9244f1e34c46,Deftones,072d9bec-58b3-4204-ba5e-7b16f06eb971,Diamond Eyes,1790548926,2026-09-27 22:42:06+00:00,https://www.last.fm/music/Deftones/_/Risk,0
135,,Craudete,,Brancoala,,Craudete,1790447385,2026-09-26 18:29:45+00:00,https://www.last.fm/music/Brancoala/_/Craudete,0
136,,Pyramid Song,a74b1b7f-71a5-4011-9441-d0b5e4122711,Radiohead,0762fd5f-99f2-4501-8b4b-c294e09f90db,Amnesiac,1790440693,2026-09-26 16:38:13+00:00,https://www.last.fm/music/Radiohead/_/Pyramid+Song,0
137,270251b2-ec0c-43df-920f-a66cc1b23f2e,Is This Desire?,e795e03d-b5d5-4a5f-834d-162cfb308a2c,PJ Harvey,189a8a05-245f-41c0-88bc-f45f258e51f1,Is This Desire?,1790440497,2026-09-26 16:34:57+00:00,https://www.last.fm/music/PJ+Harvey/_/Is+This+Desire%3F,0
138,279a97c2-2a55-45cb-928a-d889c9fb01da,Man of War,a74b1b7f-71a5-4011-9441-d0b5e4122711,Radiohead,10a93427-0313-4138-8864-df340aa06f9a,OK Computer OKNOTOK 1997 2017,1790440237,2026-09-26 16:30:37+00:00,https://www.last.fm/music/Radiohead/_/Man+of+War,0
139,09ee9a77-5047-3a55-b647-1f36d995a0c3,This Mess We're In,e795e03d-b5d5-4a5f-834d-162cfb308a2c,PJ Harvey,1e9f36a7-074e-4a84-a6b2-c3ff82d7d1e1,"Stories From the City, Stories From the Sea",1790438128,2026-09-26 15:55:28+00:00,https://www.last.fm/music/PJ+Harvey/_/This+Mess+We%27re+In,0
140,43a244fa-d50a-3e1a-ac41-ee93f1066d6b,Don't Panic,cc197bad-dc9c-440d-a5b5-d52ba2e14234,Coldplay,0ec052ee-8c50-48f3-8682-501778dfc823,Parachutes,1790438000,2026-09-26 15:53:20+00:00,https://www.last.fm/music/Coldplay/_/Don%27t+Panic,0
141,12b4521a-2f9d-4b5a-9c23-8938b5f64592,On and On and On,9e53f84d-ef44-4c16-9677-5fd4d78cbd7d,Wilco,17714744-82eb-424f-b993-21d34efb6c3c,Sky Blue Sky,1790437768,2026-09-26 15:49:28+00:00,https://www.last.fm/music/Wilco/_/On+and+On+and+On,0
142,e59aec3e-eabc-4aa8-9d1a-a77f7faf005d,Present Tense,a74b1b7f-71a5-4011-9441-d0b5e4122711,Radiohead,0c46011c-2c86-4c53-8226-10c79f746e6f,A Moon Shaped Pool,1790437470,2026-09-26 15:44:30+00:00,https://www.last.fm/music/Radiohead/_/Present+Tense,0
143,798d1259-1c67-38fa-8919-0dd730e4b1c1,How To Fight Loneliness,9e53f84d-ef44-4c16-9677-5fd4d78cbd7d,Wilco,312cb54d-9c3c-4181-8f13-1345d87f5810,summerteeth,1790393062,2026-09-26 03:24:22+00:00,https://www.last.fm/music/Wilco/_/How+To+Fight+Loneliness,0
144,2602be38-b3c9-4c26-aed0-61abcc55c50e,Everybody's Gotta Learn Sometime,,Beck,,Everybody's Gotta Learn Sometime,1790392717,2026-09-26 03:18:37+00:00,https://www.last.fm/music/Beck/_/Everybody%27s+Gotta+Learn+Sometime,0
145,087b1311-7739-4b8f-ba10-340d15bd5146,Love & Hate,11f570ff-44d9-4e9c-8812-e6d56103c5c1,Michael Kiwanuka,03a6abf3-922c-4089-97c5-ac045981694a,Love & Hate,1790392299,2026-09-26 03:11:39+00:00,https://www.last.fm/music/Michael+Kiwanuka/_/Love+&+Hate,0
146,3a940ab9-ea4e-4e2e-b375-163e87fe6235,You and Whose Army?,a74b1b7f-71a5-4011-9441-d0b5e4122711,Radiohead,0762fd5f-99f2-4501-8b4b-c294e09f90db,Amnesiac,1790392117,2026-09-26 03:08:37+00:00,https://www.last.fm/music/Radiohead/_/You+and+Whose+Army%3F,0
147,02f827a3-4022-4337-aa5f-f195933b51c2,Iron Sky,24ea074c-59cc-41c5-a5de-f68c2952965f,Paolo Nutini,3be8bd29-a036-4906-b668-030aa6b21c1f,Caustic Love,1790391753,2026-09-26 03:02:33+00:00,https://www.last.fm/music/Paolo+Nutini/_/Iron+Sky,0
148,,Return Again (If I Wait),fcb0ce5b-2b2d-4400-a672-f6354d1dac5f,Noah Yorke,,Return Again (If I Wait),1790391494,2026-09-26 02:58:14+00:00,https://www.last.fm/music/Noah+Yorke/_/Return+Again+(If+I+Wait),0
149,0ab5fce5-a9eb-4ff0-979b-5d555e28cacd,In a Manner of Speaking,b017a7ae-e5ee-4675-bb13-c83346134971,Nouvelle Vague,154f7008-efe8-3435-b3a1-4e39f163bb5d,Nouvelle Vague,1790391265,2026-09-26 02:54:25+00:00,https://www.last.fm/music/Nouvelle+Vague/_/In+a+Manner+of+Speaking,0
150,,Red Skies,,Dylan Gers,,Red Skies,1790391061,2026-09-26 02:51:01+00:00,https://www.last.fm/music/Dylan+Gers/_/Red+Skies,0
151,721ee2d6-c1be-4b49-a1ce-56b1ab293ed7,Decks Dark,a74b1b7f-71a5-4011-9441-d0b5e4122711,Radiohead,0c46011c-2c86-4c53-8226-10c79f746e6f,A Moon Shaped Pool,1790390790,2026-09-26 02:46:30+00:00,https://www.last.fm/music/Radiohead/_/Decks+Dark,0
152,175c8439-b607-4cf9-9e25-b9066e62b126,Digital Bath,7527f6c2-d762-4b88-b5e2-9244f1e34c46,Deftones,2ac33cc2-a2e3-4275-8afd-fb01cf016465,White Pony,1790390543,2026-09-26 02:42:23+00:00,https://www.last.fm/music/Deftones/_/Digital+Bath,0
153,,Street Spirit (Fade Out),a74b1b7f-71a5-4011-9441-d0b5e4122711,Radiohead,0405cb4c-fc88-3338-b5d6-1fa71a9562e4,The Bends,1790379638,2026-09-25 23:40:38+00:00,https://www.last.fm/music/Radiohead/_/Street+Spirit+(Fade+Out),0
154,e4f478a9-7d72-4697-a049-109047c467a7,We Never Change,cc197bad-dc9c-440d-a5b5-d52ba2e14234,Coldplay,0ec052ee-8c50-48f3-8682-501778dfc823,Parachutes,1790379398,2026-09-25 23:36:38+00:00,https://www.last.fm/music/Coldplay/_/We+Never+Change,0
155,37e5f882-8368-48b5-a92b-92080f8ab6cb,Sugar for the Pill,a16371b9-7d36-497a-a9d4-42b0a0440c5e,Slowdive,25da871f-ca88-4076-92d4-fe4161c361ba,Slowdive,1790379136,2026-09-25 23:32:16+00:00,https://www.last.fm/music/Slowdive/_/Sugar+for+the+Pill,0
156,be9db312-2af0-4770-a56a-81fd382e802a,I Love You,fd87acc7-e0a0-4a45-bc2a-d2ab5c10be68,Fontaines D.C.,f304e7c4-f66a-4131-8685-f7edeed5e3ea,Skinty Fia,1790378840,2026-09-25 23:27:20+00:00,https://www.last.fm/music/Fontaines+D.C./_/I+Love+You,0
157,34854dca-e909-4271-8bb1-00f2cf5a4d53,Xerces,7527f6c2-d762-4b88-b5e2-9244f1e34c46,Deftones,45127ff8-0a5e-41a8-94e4-53b0184b0fe8,Saturday Night Wrist,1790378627,2026-09-25 23:23:47+00:00,https://www.last.fm/music/Deftones/_/Xerces,0
158,659884c9-ea06-4ef3-a76f-12d4297d373b,－･･ ･－ －･ －･－･ ･ －－ ･ － －－－ － ････ ･ ･ －･ －･･ －－－ ･･－･ ･－･･ －－－ ･･･－ ･,,･ ･－･ ･－ ･･･ ･ －･･,,－･･ ･－ －･ －･－･ ･ －－ ･ － －－－ － ････ ･ ･ －･ －･･ －－－ ･･－･ ･－･･ －－－ ･･･－ ･,1790378279,2026-09-25 23:17:59+00:00,https://www.last.fm/music/%EF%BD%A5+%EF%BD%A5%EF%BC%8D%EF%BD%A5+%EF%BD%A5%EF%BC%8D+%EF%BD%A5%EF%BD%A5%EF%BD%A5+%EF%BD%A5+%EF%BC%8D%EF%BD%A5%EF%BD%A5/_/%EF%BC%8D%EF%BD%A5%EF%BD%A5+%EF%BD%A5%EF%BC%8D+%EF%BC%8D%EF%BD%A5+%EF%BC%8D%EF%BD%A5%EF%BC%8D%EF%BD%A5+%EF%BD%A5+%EF%BC%8D%EF%BC%8D+%EF%BD%A5+%EF%BC%8D+%EF%BC%8D%EF%BC%8D%EF%BC%8D+%EF%BC%8D+%EF%BD%A5%EF%BD%A5%EF%BD%A5%EF%BD%A5+%EF%BD%A5+%EF%BD%A5+%EF%BC%8D%EF%BD%A5+%EF%BC%8D%EF%BD%A5%EF%BD%A5+%EF%BC%8D%EF%BC%8D%EF%BC%8D+%EF%BD%A5%EF%BD%A5%EF%BC%8D%EF%BD%A5+%EF%BD%A5%EF%BC%8D%EF%BD%A5%EF%BD%A5+%EF%BC%8D%EF%BC%8D%EF%BC%8D+%EF%BD%A5%EF%BD%A5%EF%BD%A5%EF%BC%8D+%EF%BD%A5,0
159,6a333674-7e9e-4d9b-8b71-7e95a296f4fb,Knives Out,a74b1b7f-71a5-4011-9441-d0b5e4122711,Radiohead,0762fd5f-99f2-4501-8b4b-c294e09f90db,Amnesiac,1790378034,2026-09-25 23:13:54+00:00,https://www.last.fm/music/Radiohead/_/Knives+Out,0
160,0352e16b-206b-38ed-847d-9e910ed7b6c0,Spies,cc197bad-dc9c-440d-a5b5-d52ba2e14234,Coldplay,0ec052ee-8c50-48f3-8682-501778dfc823,Parachutes,1790377724,2026-09-25 23:08:44+00:00,https://www.last.fm/music/Coldplay/_/Spies,0
161,,Trying Too Hard (Lullaby),fcb0ce5b-2b2d-4400-a672-f6354d1dac5f,Noah Yorke,,Trying Too Hard (Lullaby),1790377539,2026-09-25 23:05:39+00:00,https://www.last.fm/music/Noah+Yorke/_/Trying+Too+Hard+(Lullaby),0
162,279a97c2-2a55-45cb-928a-d889c9fb01da,Man of War,a74b1b7f-71a5-4011-9441-d0b5e4122711,Radiohead,10a93427-0313-4138-8864-df340aa06f9a,OK Computer OKNOTOK 1997 2017,1790377196,2026-09-25 22:59:56+00:00,https://www.last.fm/music/Radiohead/_/Man+of+War,0
163,da25eade-e561-4af9-90ed-9f3619a05cf1,I Know It's Over - 2011 Remaster,40f5d9e4-2de7-4f2d-ad41-e31a9a9fea27,The Smiths,0fcc367d-af66-49ee-b7b0-8351a91e04c0,The Queen Is Dead,1790376972,2026-09-25 22:56:12+00:00,https://www.last.fm/music/The+Smiths/_/I+Know+It%27s+Over+-+2011+Remaster,0
164,98ed5e76-9486-4779-9d9c-eb3d93d37b2f,Black Hole Sun,,Soundgarden,,Superunknown (20th Anniversary),1790341729,2026-09-25 13:08:49+00:00,https://www.last.fm/music/Soundgarden/_/Black+Hole+Sun,0
165,49d5b322-1ef7-32a1-bc8b-090d2db1dec7,Swerve City,7527f6c2-d762-4b88-b5e2-9244f1e34c46,Deftones,2e23341e-9a49-4cf2-89db-8ddd882da2fe,Koi No Yokan,1790341555,2026-09-25 13:05:55+00:00,https://www.last.fm/music/Deftones/_/Swerve+City,0
166,585cae91-f731-45b8-9b4b-da754b645cdc,I Hate Everything About You,fabb37f8-eb2a-4cc1-a72a-b56935bbb72d,Three Days Grace,129c8d59-41ef-4682-a288-c1e88ef471e6,Three Days Grace,1790341152,2026-09-25 12:59:12+00:00,https://www.last.fm/music/Three+Days+Grace/_/I+Hate+Everything+About+You,0
167,07c4fcb2-fbd8-4028-8c42-469aaf005835,Beauty School,7527f6c2-d762-4b88-b5e2-9244f1e34c46,Deftones,072d9bec-58b3-4204-ba5e-7b16f06eb971,Diamond Eyes,1790340873,2026-09-25 12:54:33+00:00,https://www.last.fm/music/Deftones/_/Beauty+School,0
168,117a1fda-1a74-47ce-95b0-b114ff636403,Comfortable Liar,8456e9f7-debf-4579-a86c-33a325a35d2d,Chevelle,,Wonder What's Next (Expanded Edition),1790340659,2026-09-25 12:50:59+00:00,https://www.last.fm/music/Chevelle/_/Comfortable+Liar,0
169,503a5af1-f6f0-4acf-832b-2b0c661c15cd,Around the Fur,7527f6c2-d762-4b88-b5e2-9244f1e34c46,Deftones,09a3d665-52a3-40b8-b568-a227e8a8a3fc,Around the Fur,1790340457,2026-09-25 12:47:37+00:00,https://www.last.fm/music/Deftones/_/Around+the+Fur,0
170,,Heart-Shaped Box,,Nirvana,69e70c2a-fcf2-4243-9ad2-5bf2c08b7db0,In Utero (Deluxe Edition),1790340186,2026-09-25 12:43:06+00:00,https://www.last.fm/music/Nirvana/_/Heart-Shaped+Box,0
171,4ee5990b-b5dd-4e4a-9cbe-07789e3fc499,Phantom Bride,7527f6c2-d762-4b88-b5e2-9244f1e34c46,Deftones,5a54da05-2df4-461e-9525-356ed7fc581d,Gore,1790339788,2026-09-25 12:36:28+00:00,https://www.last.fm/music/Deftones/_/Phantom+Bride,0
172,,Shades of Cool,63b9b3e3-4fe3-45dd-ac38-9fcc2ba47677,Saint Avangeline,,Shades of Blue (Volume I),1790339380,2026-09-25 12:29:40+00:00,https://www.last.fm/music/Saint+Avangeline/_/Shades+of+Cool,0
173,003e75e4-7e77-3dcb-b460-5b79d8a2c123,Entombed,7527f6c2-d762-4b88-b5e2-9244f1e34c46,Deftones,2e23341e-9a49-4cf2-89db-8ddd882da2fe,Koi No Yokan,1790339207,2026-09-25 12:26:47+00:00,https://www.last.fm/music/Deftones/_/Entombed,0
174,026db0b6-cf20-4b3e-8641-eb0512082869,Like a Stone,020bfbb4-05c3-4c86-b372-17825c262094,Audioslave,050ccf72-ce0d-40ab-b934-3c586e05f8c1,Audioslave,1790339058,2026-09-25 12:24:18+00:00,https://www.last.fm/music/Audioslave/_/Like+a+Stone,0
175,08a42744-ef73-46d3-b37c-9b44657bfb85,Risk,7527f6c2-d762-4b88-b5e2-9244f1e34c46,Deftones,072d9bec-58b3-4204-ba5e-7b16f06eb971,Diamond Eyes,1790338849,2026-09-25 12:20:49+00:00,https://www.last.fm/music/Deftones/_/Risk,0
176,bc953031-2208-4d95-959e-2e4e0c247cf3,The Red,8456e9f7-debf-4579-a86c-33a325a35d2d,Chevelle,,Wonder What's Next (Expanded Edition),1790285412,2026-09-24 21:30:12+00:00,https://www.last.fm/music/Chevelle/_/The+Red,0
177,4ee5990b-b5dd-4e4a-9cbe-07789e3fc499,Phantom Bride,7527f6c2-d762-4b88-b5e2-9244f1e34c46,Deftones,5a54da05-2df4-461e-9525-356ed7fc581d,Gore,1790285129,2026-09-24 21:25:29+00:00,https://www.last.fm/music/Deftones/_/Phantom+Bride,0
178,0cb4caef-835e-45ba-85a5-d51d924e39fa,976-EVIL,7527f6c2-d762-4b88-b5e2-9244f1e34c46,Deftones,072d9bec-58b3-4204-ba5e-7b16f06eb971,Diamond Eyes,1790284749,2026-09-24 21:19:09+00:00,https://www.last.fm/music/Deftones/_/976-EVIL,0
179,,Faint,f59c5520-5f46-4d2c-b2c4-822eabf53419,Linkin Park,01e51f7c-4b95-4ae3-a707-181b74b1ebab,Meteora,1790284629,2026-09-24 21:17:09+00:00,https://www.last.fm/music/Linkin+Park/_/Faint,0
180,6315e507-26a9-3d9f-a572-996b249b068b,A Rush of Blood to the Head,cc197bad-dc9c-440d-a5b5-d52ba2e14234,Coldplay,03c93d2c-430c-4961-97b0-56e0d7cb754b,A Rush of Blood to the Head,1790284147,2026-09-24 21:09:07+00:00,https://www.last.fm/music/Coldplay/_/A+Rush+of+Blood+to+the+Head,0
181,11302203-e3ec-3838-a8a6-0f475b2f6371,Dagger,a16371b9-7d36-497a-a9d4-42b0a0440c5e,Slowdive,07d02411-6722-4071-8130-14fb8512288a,Souvlaki,1790283939,2026-09-24 21:05:39+00:00,https://www.last.fm/music/Slowdive/_/Dagger,0
182,f6c798fb-43fb-4259-a95e-e399142659e1,Please Please Please Let Me Get What I Want - 2005 Remaster,7527f6c2-d762-4b88-b5e2-9244f1e34c46,Deftones,,B-Sides & Rarities,1790283827,2026-09-24 21:03:47+00:00,https://www.last.fm/music/Deftones/_/Please+Please+Please+Let+Me+Get+What+I+Want+-+2005+Remaster,0
183,4e1083c3-b577-48e9-9a56-7bbbcbb1d6e7,Toxicity,cc0b7089-c08d-4c10-b6b0-873582c17fd6,System of a Down,03bfb2be-bb2e-3252-ae04-ed15e2c333c6,Toxicity,1790283617,2026-09-24 21:00:17+00:00,https://www.last.fm/music/System+of+a+Down/_/Toxicity,0
184,79f3952e-c1f5-470b-ba49-cf3236d21e19,Be Quiet and Drive (Far Away),7527f6c2-d762-4b88-b5e2-9244f1e34c46,Deftones,09a3d665-52a3-40b8-b568-a227e8a8a3fc,Around the Fur,1790283327,2026-09-24 20:55:27+00:00,https://www.last.fm/music/Deftones/_/Be+Quiet+and+Drive+(Far+Away),0
185,,Roman Holiday (Skinty Fia Sessions),fd87acc7-e0a0-4a45-bc2a-d2ab5c10be68,Fontaines D.C.,,Skinty Fia Go Deo,1790283022,2026-09-24 20:50:22+00:00,https://www.last.fm/music/Fontaines+D.C./_/Roman+Holiday+(Skinty+Fia+Sessions),0
186,1e1e91a6-56d2-4c8d-92ce-775220faf7f4,Marianne,fd87acc7-e0a0-4a45-bc2a-d2ab5c10be68,Fontaines D.C.,7bd1076c-a366-4791-b702-a29f901fd016,Marianne,1790282711,2026-09-24 20:45:11+00:00,https://www.last.fm/music/Fontaines+D.C./_/Marianne,0
187,6143a372-f662-43af-9179-f11bd7da491e,Big Shot,fd87acc7-e0a0-4a45-bc2a-d2ab5c10be68,Fontaines D.C.,f304e7c4-f66a-4131-8685-f7edeed5e3ea,Skinty Fia,1790282360,2026-09-24 20:39:20+00:00,https://www.last.fm/music/Fontaines+D.C./_/Big+Shot,0
188,f7f7850f-210b-4801-b62c-6a497c055421,Beware,7527f6c2-d762-4b88-b5e2-9244f1e34c46,Deftones,45127ff8-0a5e-41a8-94e4-53b0184b0fe8,Saturday Night Wrist,1790282123,2026-09-24 20:35:23+00:00,https://www.last.fm/music/Deftones/_/Beware,0
189,60cf268e-d6e2-4902-8000-d6eeddcf74be,Roman Holiday,fd87acc7-e0a0-4a45-bc2a-d2ab5c10be68,Fontaines D.C.,f304e7c4-f66a-4131-8685-f7edeed5e3ea,Skinty Fia,1790281979,2026-09-24 20:32:59+00:00,https://www.last.fm/music/Fontaines+D.C./_/Roman+Holiday,0
190,be9db312-2af0-4770-a56a-81fd382e802a,I Love You,fd87acc7-e0a0-4a45-bc2a-d2ab5c10be68,Fontaines D.C.,f304e7c4-f66a-4131-8685-f7edeed5e3ea,Skinty Fia,1790281683,2026-09-24 20:28:03+00:00,https://www.last.fm/music/Fontaines+D.C./_/I+Love+You,0
191,382489cd-14a5-4bbd-82fd-a3e27637fff0,CHIHIRO,f4abc0b5-3f7a-4eff-8f78-ac078dbce533,Billie Eilish,43869ac5-c515-41a4-8ce1-d4a0c67e30c1,HIT ME HARD AND SOFT,1790281334,2026-09-24 20:22:14+00:00,https://www.last.fm/music/Billie+Eilish/_/CHIHIRO,0
192,ede5ff1c-9729-4fcf-a41a-c4e64c955c6c,"Fill the Void (with Lily Rose Depp, Ramsey)",c8b03190-306c-4120-bb0b-6f2ebfc06ea9,The Weeknd,,The Idol Episode 4 (Music from the HBO Original Series),1790281161,2026-09-24 20:19:21+00:00,"https://www.last.fm/music/The+Weeknd/_/Fill+the+Void+(with+Lily+Rose+Depp,+Ramsey)",0
193,,Moth to a Flame (with The Weeknd),99075985-0d80-4692-a15e-b16f78831792,Swedish House Mafia,36bf1eb1-2919-49f2-b0c8-246045e87ac2,Paradise Again,1790281028,2026-09-24 20:17:08+00:00,https://www.last.fm/music/Swedish+House+Mafia/_/Moth+to+a+Flame+(with+The+Weeknd),0
194,12fa880e-6268-4bb5-a0d0-16ed0d3b1d5c,Till Dawn (Here Comes the Sun),c8b03190-306c-4120-bb0b-6f2ebfc06ea9,The Weeknd,178b087a-2e9a-4051-b81e-0e5e365f64af,Trilogy,1790280783,2026-09-24 20:13:03+00:00,https://www.last.fm/music/The+Weeknd/_/Till+Dawn+(Here+Comes+the+Sun),0
195,50bb6ba4-4cca-40a8-b477-e07d02cb0620,Odd Look,eb6de5f6-98f8-4b5a-bfdc-f87fa4936baa,Kavinsky,3449ef2f-15a0-486a-8667-c91eb052cbf9,Odd Look,1790280773,2026-09-24 20:12:53+00:00,https://www.last.fm/music/Kavinsky/_/Odd+Look,0
196,12fa880e-6268-4bb5-a0d0-16ed0d3b1d5c,Till Dawn (Here Comes the Sun),c8b03190-306c-4120-bb0b-6f2ebfc06ea9,The Weeknd,178b087a-2e9a-4051-b81e-0e5e365f64af,Trilogy,1790280465,2026-09-24 20:07:45+00:00,https://www.last.fm/music/The+Weeknd/_/Till+Dawn+(Here+Comes+the+Sun),0
197,236dbaf3-ddab-4069-9a6a-cb03322840fa,Dollhouse (with Lily Rose Depp),c8b03190-306c-4120-bb0b-6f2ebfc06ea9,The Weeknd,,The Idol Episode 5 Part 2 (Music from the HBO Original Series),1790280233,2026-09-24 20:03:53+00:00,https://www.last.fm/music/The+Weeknd/_/Dollhouse+(with+Lily+Rose+Depp),0
198,89843629-cc0a-47d4-8314-fffb02b18c7e,Starburster,fd87acc7-e0a0-4a45-bc2a-d2ab5c10be68,Fontaines D.C.,6e0aa1d9-17ce-4423-87bc-4fec3d0b5f34,Romance,1790199222,2026-09-23 21:33:42+00:00,https://www.last.fm/music/Fontaines+D.C./_/Starburster,0
