album_mbid,album_name,artist_name
29f224ac-498d-4dcb-9a07-22b1293288ae,21,Adele
32ef7c3f-96bb-44a3-aa4d-7aa8c9640cf9,2014 Forest Hills Drive,J. Cole
,Take Care (Deluxe),Drake
16a0fd7d-307d-4721-9c2b-ddb0d1d847d8,What You Heard,Sonder
,Snow On Tha Bluff,J. Cole
620e4932-cae3-49d0-9d87-a2685bd4c9c0,4 Your Eyez Only,J. Cole
4e102cda-b8f6-4242-b4ae-ce2d16a5eac7,Say Yes to Heaven,Lana Del Rey
,Born to Die - The Paradise Edition,Lana Del Rey
,Ultraviolence (Deluxe),Lana Del Rey
0c6272c4-f50a-4f80-a302-497038a7f5a0,Young and Beautiful,Lana Del Rey
00d42a8c-af17-46c3-a20f-f439b46ffe77,Lust for Life,Lana Del Rey
017e0265-782e-4242-b471-1f83bba572d2,Honeymoon,Lana Del Rey
08674cb6-f3a6-4898-90da-773e5ef42fc1,Norman Fucking Rockwell!,Lana Del Rey
15abc386-ded2-4fda-b1a2-5a25239f922b,Globalization,Pitbull
,Thursday (Original),The Weeknd
5dea9c0e-cadd-4edf-86ff-aa35f63fb7d4,Views,Drake
399f294f-a7a1-4cd4-a19b-7f32afa7dd13,Scorpion,Drake
02d78856-1aac-4ef7-a1ed-356aaad0eb35,War & Leisure,Miguel
042e3733-608b-44f8-8976-a5a7fd537d2b,The Eminem Show,Eminem
04a39f6a-60fd-4b78-9884-7fd18451c720,Believe,Justin Bieber
03df4db8-d281-47af-acbe-e21e38ad8806,Evil Genius,Gucci Mane
0b92cfbb-3d3f-42c0-8f24-b9ffed2179ea,More Life,Drake
,$ome $exy $ongs 4 U,PARTYNEXTDOOR
793f7f24-2c69-4bb7-87e4-9b5c6f535535,Born in the Wild,Tems
20933c42-2775-4793-9b7d-28573d5050bd,Shine,Estelle
1fadba07-1755-48ec-bced-07dd7080886c,ICEMAN,Drake
16f3fcf2-4511-4c8c-93bb-b4c8910aa9db,Novacane,Frank Ocean
bbf59414-c368-431c-b8c5-59b2806059ee,Sail Out,Jhené Aiko
,NOT ALL HEROES WEAR CAPES (Deluxe),Metro Boomin
04eb758b-00ef-4ea7-98ee-635581bdadd2,KOD,J. Cole
,East Atlanta Love Letter,6LACK
178b087a-2e9a-4051-b81e-0e5e365f64af,Trilogy,The Weeknd
fcfc37b7-183d-4d02-af46-1c0d15845a15,The Boy Who Played the Harp,Dave
,The E.N.D. (The Energy Never Dies) [Deluxe Version],Black Eyed Peas
0e407fbd-58c1-45b3-adc5-a6ac5d945509,Camp,Childish Gambino
0ecabc36-053c-405f-92eb-00333aa23ec5,Comedown Machine,The Strokes
e187359c-f47b-4dd8-9172-565be0893c10,All I Want Is You,Miguel
66de5e14-0642-4803-998c-3ecdf504134d,HEROES & VILLAINS,Metro Boomin
28ebb1ba-6a30-4fd9-83e9-a0aa6925b044,The Love Album: Off The Grid,Diddy
1a3e39b4-562a-43d4-ac12-b1bf466abb11,Planet Her,Doja Cat
,Born Sinner (Deluxe Version),J. Cole
,Echoes Of Silence (Original),The Weeknd
71f55f85-7d28-4346-b029-9dce4d49f784,Mastermind,Rick Ross
0942e4a8-50fe-404b-b75e-36d449a20130,Hyperion,Gesaffelstein
96b8c03b-5cbc-426a-83a0-01252af5467d,King of the Fall,The Weeknd
,Excuse My French (Deluxe),French Montana
,The Fall-Off is Inevitable,J. Cole
1e5803df-8923-4bed-9297-e707ffc8de92,channel ORANGE,Frank Ocean
18701a2e-8ca7-46ed-b233-33dde2c2197e,Certified Lover Boy,Drake
3b8d3080-2dad-4184-b603-f1ff226dea4d,Say Yes,Iyeoka
0ec052ee-8c50-48f3-8682-501778dfc823,Parachutes,Coldplay
87fa0459-f9b1-4ed7-bbb1-95f032b24647,Decode,Paramore
2e817d2f-34a3-3e6a-97e9-376453421fea,808s & Heartbreak,Kanye West
1d111070-f18f-495d-b170-d3eaabbac712,Dawn,Yebba
,Lonely,VisionV
8a61af61-cb44-497e-9bb1-2b7b137b3bfe,After Hours,The Weeknd
6fca12fa-9176-45dd-84ae-10f3c7261411,Tana Talk 4,Benny the Butcher
43869ac5-c515-41a4-8ce1-d4a0c67e30c1,HIT ME HARD AND SOFT,Billie Eilish
,Need You Now (Adriatique Remix),Howling
,333,Matuê
,House of Balloons (Original),The Weeknd
e563292f-5a19-4cf4-87ca-a6820f9dc96e,La Familia 013,Charlie Brown Jr.
283615da-bf6a-4a4d-a8b6-5486fa82ab04,Lupe Fiasco's The Cool,Lupe Fiasco
16ff2d98-395c-4c87-aac8-cc4d62a853ec,Kiss Land,The Weeknd
,Vampiro,Matuê
,The Odyssey (Original Motion Picture Soundtrack),James Blake
1bb059bb-47a5-4adc-a16e-ef1b30bc9610,The Return of East Atlanta Santa,Gucci Mane
26d2002d-cd52-4774-88f2-7ee6d4f53503,If You're Reading This It's Too Late,Drake
0082a45d-e072-450e-a614-fd1496efc4a8,Notion,Tash Sultana
,Hide U (Tinlicker Remix),Kosheen
d6091fdc-58a1-4659-8d31-7b2be5021e20,UTOPIA,Travis Scott
,Be Someone,KVSH
,Cheyenne,Trilucid
,Un-Thinkable (I'm Ready) (Feat. Drake) [Remix],Alicia Keys
45127ff8-0a5e-41a8-94e4-53b0184b0fe8,Saturday Night Wrist,Deftones
3d9fab7e-c1b6-472f-bf74-45da76b0b871,Assume Form,James Blake
,Live At Sin-é (Legacy Edition),Jeff Buckley
e7d73cae-52a1-46a1-b7ea-ad4b8061f3de,Surrender,RÜFÜS DU SOL
0164ea1e-5587-4396-ac9d-8611f608b2da,Back to Black,Amy Winehouse
0c0fa6cd-004e-435c-bf57-7b3ccac115d0,25,Adele
01c39115-fbc5-31c0-8fc0-1a48bb8e0b1e,Favourite Worst Nightmare,Arctic Monkeys
08791ceb-9f2a-4f48-9fb7-9eab2df6fc6e,Starboy,The Weeknd
36bf1eb1-2919-49f2-b0c8-246045e87ac2,Paradise Again,Swedish House Mafia
0e420519-c538-4448-889d-88ea5c5c0a81,Playboy,Tory Lanez
aebc023f-1eea-4e3a-ab60-5400b15f5ef8,Levi Don't Do It,BUNT.
,Her Love Still Haunts Me Like a Ghost,Montell Fish
,ASTROWORLD,Travis Scott
1a158952-0a0d-372f-a37f-325c50641b8a,Only by the Night,Kings of Leon
1eab6574-ab5c-3480-a5bd-8603505a7a89,Eyelid Movies,Phantogram
1453ab4c-a8ed-447e-b296-6e6792b54487,Energía,J Balvin
,Famouz,JHAYCO
b059307f-5799-4f26-841d-6b6ecc64eef5,Jungle,The Blaze
,Be Strong,Spada
07539421-483d-401b-8f7f-12f5141539c2,More,Jan Blomqvist
,100 Greatest 10s: The Best Songs of Last Decade,Santigold
,Solace,RÜFÜS DU SOL
,Kiss Land (Deluxe),Kavinsky
8ed67dcb-89fe-43b2-b0d4-3fb95fbce65f,Self Aware,Temper City
907f7cb0-a106-4e80-9d8e-b2c8843277e8,Late Night Feelings,Mark Ronson
1bae2be4-95e0-4a9e-9012-c12565ccb9ba,Harry Styles,Harry Styles
04793a87-6013-4fa6-82e3-e79f6b66ec10,Skyfall,Adele
76228ca1-0a4a-4a75-859c-4c12c6cfcb6a,It Will Rain,Bruno Mars
149eb2e4-a97d-4276-98e1-11456b96ddc5,Songs in A Minor,Alicia Keys
,What i need,MRK
11daecbe-5c2a-4217-b539-cd34d0cf4dc9,Innocents,Moby
03651c58-0658-4fee-96be-199ad9b08541,Guitar Songs,Billie Eilish
04429e02-5d69-48c9-9e5a-22ba084e1e40,dont smile at me,Billie Eilish
3305d913-cfa3-433d-b45f-f8f39614a93a,Baladas sangrentas,Wander Wildner
,Soy Sabalero,Los Palmeras
ea916926-e13d-494c-a5e5-acf35d159f9e,Un sentimiento,Los Palmeras
3f979de5-8212-4d35-a819-8cce60b38f17,Comeblack,Scorpions
2c95578f-43c9-4de5-83f7-c4bfddd1010e,Free 6LACK,6LACK
,A N N I V E R S A R Y,Bryson Tiller
,Purpose (Deluxe),Justin Bieber
63ce2c2e-a121-4f77-a909-531116b56fa0,Hot Pink,Doja Cat
209ad4ec-df53-4667-b45f-38413802b94b,Freudian,Daniel Caesar
03bdfdea-d9a7-4e8d-8da5-6fb1e264ed26,Journals,Justin Bieber
,ANTI (Deluxe),Rihanna
d4ee46ca-118f-4ad6-8421-6f597846f78c,THE FIRST TIME,The Kid LAROI
,Get You - Single,Daniel Caesar
,FutureSex/LoveSounds Deluxe Edition,Justin Timberlake
0c5053b3-932d-49ab-9e12-dcef32eefd6f,Get Rich or Die Tryin',50 Cent
159fce04-c86a-43ae-b255-1184ffe60b61,T R A P S O U L,Bryson Tiller
,Only One Flo (Part 1),Flo Rida
,1989 (Deluxe),Taylor Swift
175a05d9-535f-44e1-8ec8-74cd044951b4,Curtis,50 Cent
,Believe (Deluxe Edition),Justin Bieber
,FAMOSINHA,DJ CAIO VIEIRA
,Eu Vou Te Comer Sorrindo,MC Guto VGS
,2026,Jhow
,Posso Até Não Te Dar Flores,DJ Japa NK
2739c4a3-7ea0-4cf1-b6a9-37091f5f9138,Don't Be Dumb,A$AP Rocky
0aaf3bcf-8437-4be7-a025-68cba9a7ec62,AT.LONG.LAST.A$AP,A$AP Rocky
5d4d0579-202b-4b63-9e3b-e2d22c3c1cb5,Friday Night Lights,J. Cole
,Poison,Brent Faiyaz
c69af95e-7a0b-4315-ac54-9ead2f49129e,The Warm Up,J. Cole
6717c7af-4696-411e-a89c-c67310efe601,Medea,Avenoir
072d9bec-58b3-4204-ba5e-7b16f06eb971,Diamond Eyes,Deftones
458e3599-5ac9-4302-bb8c-49c34177fa15,the theory of you,ivri
69e70c2a-fcf2-4243-9ad2-5bf2c08b7db0,In Utero (Deluxe Edition),Nirvana
03bfb2be-bb2e-3252-ae04-ed15e2c333c6,Toxicity,System of a Down
05103752-5916-3f35-841d-25e780df5110,Results May Vary,Limp Bizkit
02b23593-ad18-4c8c-b30a-5c96b4796289,Bleach,Nirvana
09a3d665-52a3-40b8-b568-a227e8a8a3fc,Around the Fur,Deftones
2ac33cc2-a2e3-4275-8afd-fb01cf016465,White Pony,Deftones
,Nothing Was the Same (Deluxe),Drake
5974fd75-ff80-449e-8a80-98ce2ed59e5f,GO:OD AM,Mac Miller
a98fb1a5-6eb4-4ab8-a004-b446e8da4cfe,The Divine Feminine,Mac Miller
,WHO DO U LUV,Avenoir
906fd5e9-d637-4140-967b-5926b968eb04,Care Package,Drake
,Chixtapes (Trilogy),Tory Lanez
,All I Need,Lloyd
a09ba86f-dcff-4a05-9ca8-b91b93b4ab1d,Alone at Prom,Tory Lanez
703498c2-0b1d-4c69-899e-fd2a565be31f,In For It,Tory Lanez
0405cb4c-fc88-3338-b5d6-1fa71a9562e4,The Bends,Radiohead
0c63d2e4-2a99-4cc4-8991-a88dba182bbd,Hypnotize,System of a Down
0d33ef7a-1f5d-4365-b807-b412271b99c3,Mezzanine,Massive Attack
,Jar,Superheaven
1475431a-cfd3-43ad-bf09-b3826118446f,In Rainbows,Radiohead
6bb07d49-4b29-40ab-a910-1d19151dad55,eat me alive / u don't have to tell me,Artemas
,Kaleidoscope Dream (Deluxe Version),Miguel
0e6bd297-d1b2-4386-8c0a-8d50eb2a33a1,Beauty Behind the Madness,The Weeknd
,Favour,Avenoir
010ceb44-ac45-3163-b8ea-2784b8be4628,The Massacre,50 Cent
9de42890-9df4-4508-ac2c-ef18b5d8a77f,Window Shopper,50 Cent
e1517de5-bc82-47bd-a22d-b549736cef17,Wish I Never Met You (Prison Tapes),Tory Lanez
abf26698-68db-4069-96cb-6e368ef12c0f,Thee Sacred Souls,Thee Sacred Souls
79014bd3-d9ee-4ae8-8c3d-64ee19c2d3f1,Because the Internet,Childish Gambino
1c1bf31f-cd18-4ba3-9dba-8171ccf6f4ec,Here Comes the Cowboy,Mac DeMarco
62bd84b5-1c38-4d27-9176-ea0716d51064,Swimming,Mac Miller
25171347-3475-4181-a3b3-cc2fc479d9fe,"""Awaken, My Love!""",Childish Gambino
407e5dad-7709-41b9-8ef4-6addb3b5776e,This Old Dog,Mac DeMarco
1651a365-e79b-4ec6-9d34-357f848b71d7,Cássia Eller,Cássia Eller
,Acústico (Ao Vivo),Cássia Eller
0950f558-09af-4813-a038-00b1c0ecc34a,A Arte De Tim Maia,Tim Maia
,Cartola (1976),Cartola
cb7defec-a23b-4fe3-8f1d-8028d110f3b2,Semente,Armandinho
,Tim Maia 1970,Tim Maia
55e832ab-038e-412f-86b4-52907440ef8b,O Descobridor Dos Sete Mares,Tim Maia
0e9f6a6a-cf82-4717-a5ff-efe0865e6ccd,Hustler's Ambition,50 Cent
17b2a331-70e3-4542-a977-5023e4c4e038,Sailing Soul(s),Jhené Aiko
e7501c1d-a495-48f8-8a41-ec2d1526c976,AFTER HOURS,Avenoir
605cd1d9-4701-420a-b834-0fb8fc837be9,NOIRE,Avenoir
2e93d331-44d2-48d2-a5d3-ca348e25e2df,Dia Especial,Tiago Iorc
,Hurry Up Tomorrow,The Weeknd
17102ca6-0be8-4e8c-b088-b211e41c3fef,Hood Billionaire,Rick Ross
,The Last Wun,Gunna
0726c5f4-da29-4a78-a8ab-b08e632fe3b9,"good kid, m.A.A.d city",Kendrick Lamar
67df31dd-0411-4671-bfbe-a0ac64c61a7a,Stay Schemin,Rick Ross
503c4a0f-97b9-4d6b-9a27-52a7f6b21cc9,DAMN.,Kendrick Lamar
2d8484f1-6ed3-4bb0-b8ac-ad2c2b69835e,These Things Happen,G-Eazy
1b6dbf31-79e5-4ce2-8166-fd021a2335bd,Over It,Summer Walker
08f54f68-7c89-4e22-8a0f-ac2b06e48568,Blonde,Frank Ocean
0dfea1b2-f914-430a-aee6-c440d995f9c5,Chanel,Frank Ocean
,Kiss Land (Deluxe),The Weeknd
70cc88ee-d52b-4781-a7f0-2da64ef65cd0,HNDRXX,Future
,Poesia Acústica,MC Cabelinho
,Barcelona (Papasessions #2),PK
,Perdição,L7NNON
,Ari Acústico,Ari
169957aa-2ca8-42a8-ba02-71bdf3fe26ff,AM,Arctic Monkeys
1749dd07-5aa9-436e-babc-e3e982deb273,Dois,Legião Urbana
6387fb89-90a9-469d-b96a-b682982a409c,Swim Good,Frank Ocean
e5e66d5c-afbf-4555-a75a-86505e3c67f4,PARTYNEXTDOOR,PARTYNEXTDOOR
2e5d3d3f-bf12-43eb-99bc-94a69fa057fa,Watching Movies With the Sound Off,Mac Miller
,In Tongues (Deluxe),Joji
,O.N.I.F.C. (Deluxe),Wiz Khalifa
,Shameless,Avenoir
,Gamma,Cloke
f874545f-096c-4ea3-bc3b-f41b97c034c5,i just wanna feel your love again,Montell Fish
,Encore (Deluxe Version),Eminem
033ddd2b-d499-426e-872a-697a1b5ca0c2,"WHEN WE ALL FALL ASLEEP, WHERE DO WE GO?",Billie Eilish
,Icarus Falls,ZAYN
,Tim Maia 1973,Tim Maia
,Naturalidade,pumapjl
,Música Popular Caiçara: Edição Luxo (Ao Vivo),Charlie Brown Jr.
,Pontos de Exclamação,Jovem Dionisio
ac3cc2de-61d7-48c3-99fc-d3ad7d3a848b,100% Charlie Brown JR - Abalando a Sua Fábrica,Charlie Brown Jr.
,Saudade,Luiz Lins
3f8efa7e-0ce8-484d-a37c-32b18f693724,Tribalistas,Tribalistas
,Lost In Love,shRk
1e1ea80c-4e62-4d68-b3f5-464ae29b4c67,LIFE'S A TRIP,Trippie Redd
8137ca0f-123a-4800-8b28-f1f3be6c938d,BALLADS 1,Joji
,Love Wounds 2,prxz
,jamie,Montell Fish
19c937af-98b3-4cf4-bba7-5dede9fd1fc9,X&Y,Coldplay
29fc7037-7ef0-4396-9a79-4a150515eace,The Beautiful & Damned,G-Eazy
,pretty,Artemas
,Hard to Imagine the Neighbourhood Ever Changing,The Neighbourhood
,"Clean Sheets, dirty walls",Cleffy
,HOT N COLD - HARDSTYLE,Poseidon
,GYM HARDSTYLE SONGS | POPULAR GYM HARDSTYLE SONGS | TIK TOK GYM HARDSTYLE SONGS,Poseidon
,Tha Carter IV (Explicit Version),Lil' Wayne
5c8a772d-fb0a-46ab-a5d8-6317546b727a,Fine Line,Harry Styles
5492c6d0-f588-4d9a-b759-bc373e861ee2,"Preço Curto, Prazo Longo",Charlie Brown Jr.
,XOXO (Music from the Netflix Original Film),Alok
da6f3951-eb58-4de6-a2e8-0fcb87e37935,Chase Atlantic,Chase Atlantic
,Watch the Throne,JAY-Z
b82458a3-7d3a-495f-861f-8698731c4dd0,SOS,SZA
0be417db-246a-31d8-9e93-636b3ba464d6,Justified,Justin Timberlake
,Revenge of the Dreamers III,Dreamville
7c1aa446-6ec0-4df5-a867-16a4bf6548ef,The Melodic Blue,Baby Keem
1bc658ed-82ce-4092-a47b-db4ca7ac2ee1,Clouds,J. Cole
45a1c632-31e1-454a-8b1f-483d5823fd70,No Time to Die,Billie Eilish
03c93d2c-430c-4961-97b0-56e0d7cb754b,A Rush of Blood to the Head,Coldplay
19a54c1f-07af-48db-8990-62a2208e18d4,everything i wanted,Billie Eilish
06399b45-57a0-42e4-b048-43908b3e4a53,Depression Cherry,Beach House
002022bb-276c-455a-8cb9-2848b77c37b8,Pure Heroine,Lorde
,Unapologetic (Deluxe),Rihanna
,Back to Black (Deluxe Edition),Amy Winehouse
0835769f-8995-4720-9937-6ed89eff8b42,Unorthodox Jukebox,Bruno Mars
06fe03f3-073e-48cc-8c87-2f70dc2dac7f,Heart Shaped World,Chris Isaak
,Não Fosse Tão Tarde (Speed),Lou Garcia
,Revival (Deluxe),Selena Gomez
0182bd21-033a-41e9-bfcf-79feaefb56b2,V,Maroon 5
,Eyes Without a Face,Sinnerella
,Shades Of Violet,Vestron Vulture
,Lionheart,Vestron Vulture
,Canopée des Cîmes,Jan Blomqvist
,Babydoll x The Perfect Girl,HARDSTYLE DEMON
,TMW,Avenoir
,Solas,Jamie Duffy
,Love You More Than Me,Montell Fish
,Sad Hours,shRk
1395477c-a71e-4058-a893-d33dfcad6a4b,17,XXXTENTACION
0b6b4ba0-d36f-47bd-b4ea-6a5b91842d29,OK Computer,Radiohead
,love wounds,prxz
,Creed III: The Soundtrack,Dreamville
,Cayendo (Side A - Acoustic),Frank Ocean
2393a103-7a8c-494c-b59c-291401bd59b7,CHARLOTTE,Montell Fish
,Someday I'll Get It,Alek Olsen
,VOL. 1,Novulent
0c9d1f71-d2ce-412d-8f44-c9191c420781,hotline (edit),Billie Eilish
7126d65b-d6ba-4096-9ec4-52e6bf4404ec,SKINS,XXXTENTACION
,Paper Soldier (feat. Joony),Brent Faiyaz
dfb0705a-4a3c-49a3-b6a2-244961c33756,A.M. Paradox,Brent Faiyaz
7b49d6e0-bc96-4b83-b8b4-4c8aa483fa99,I NEVER LIKED YOU,Future
7c8ae7fe-5480-4388-9166-b9634fb3b76d,Dear April (Side A - Acoustic),Frank Ocean
5f70f8b6-0b7e-43ae-8a9c-7fa1eed7f38f,?,XXXTENTACION
156a7344-89e1-49fb-b3d3-9525c1ee5a5f,The Marshall Mathers LP,Eminem
7fc1089f-3ab1-4232-97a2-fe62f9ca9d7c,EVOL,Future
,Nostalgia - EP,Chase Atlantic
896c917b-6cf0-47b4-a55d-de3d0de71497,Pegasus,Trippie Redd
,Nobody But You,Sonder
461eac33-7edd-481a-a7d1-089ec6fc01af,Fuck the World,Brent Faiyaz
,CAPSULE,Nobu Woods
,Late Nights: The Album,Jeremih
075b62e8-ed2b-3330-91dc-46f4e9799ec7,FutureSex/LoveSounds,Justin Timberlake
,The Idol Episode 4 (Music from the HBO Original Series),The Weeknd
409a9e55-9fba-47f1-9eb8-c3a01c1df0e1,Larger Than Life,Brent Faiyaz
67db7e5f-7a06-4790-a6c4-dcf82ec8849c,ESCAPE PLAN / MAFIA,Travis Scott
114356f9-333f-45f3-898d-00106f3aee45,Rodeo,Travis Scott
feab377b-c9b4-4937-83ae-215b94726fbe,MIDNIGHT MOTIONS,Nobu Woods
3259eb19-1419-4230-b284-d6a7dafa9582,Hurt for Me,SYML
,Missing,itssvd
79d02411-6364-4943-a011-096c4fb80757,beerbongs & bentleys,Post Malone
4d9dc4bf-6be9-494e-bb9d-36e28e846b07,A Love Letter To You 4,Trippie Redd
,Obrigado Deus,Léo Foguete
cc6b078f-5381-4924-aad8-61b5a4fdc16b,Into,Sonder
48737775-b0cb-428b-9de7-48fc9e9776eb,Beach House,Beach House
3e1c43e6-5e93-4298-9b99-eaf07d14fd4a,Melophobia,Cage the Elephant
,TOO LATE TO DIE YOUNG,Sonder
6e6ece55-32e4-4a37-a873-073e1b9f2f42,R U Still Down? [Remember Me],2Pac
53596c4d-9819-4f06-a741-ec8b2b0870b5,Dawn FM,The Weeknd
,Dark Lane Demo Tapes,Drake
,Fell In Love,Marshmello
95fb59ed-1ece-419b-b62f-aef31e0ebf36,WASTELAND,Brent Faiyaz
20bfc869-e36d-481f-ac9b-37f586001b9d,Ctrl,SZA
2960eca1-aa73-44d5-a796-138a99c17026,Last Day of Summer,Summer Walker
,Backstreet's Back,Backstreet Boys
053a8b1b-f85f-485c-8103-14c16a244bfb,Z,SZA
201d32d9-c2c1-4a7b-b545-59338d2eb884,Candydrip,Lucky Daye
d2c33bd1-e190-4a76-a4a6-a83ca5d11d74,PARTYNEXTDOOR TWO,PARTYNEXTDOOR
a268f797-85d9-4f32-91c4-11a678c4b473,u made me a st4r,4batz
,You & Me (Rivo Remix),Disclosure
,Run Deep,Nu Aspect
,Lost,Rscl
,Armada Deep - Ibiza 2019,Avoure
11b428ab-4f8b-4211-80ef-05a1e3756309,Far Away Place (Rampa Remix),Xinobi
2e754b0e-3a72-424d-a7dd-4c98b9db4e96,The Last Goodbye,ODESZA
,Why We Lose,Cartoon
,Fetty Wap (Deluxe),Fetty Wap
a2c12ced-5ecb-4121-b9cd-874aab730176,Balloonerism,Mac Miller
5e658ccb-cdfe-4e3c-91f7-79299ee45027,Mr. Morale & the Big Steppers,Kendrick Lamar
26e210b8-2b72-4d81-99c5-d78fd884ef35,Wiped Out!,The Neighbourhood
14746f84-7146-4252-8285-02645adefde7,I'm Sorry...,The Neighbourhood
4d14dce8-6d03-4bd3-b613-85c090602675,star shopping,Lil Peep
,Dreamin,PARTYNEXTDOOR
,I Am Not A Human Being II (Deluxe),Lil' Wayne
,THE END OF EVERYTHING,Noah Cyrus
,WASTE,Kxllswxtch
,Cry Baby (Deluxe Edition),Melanie Martinez
,In This Darkness,Clara La San
,Tough,Quavo
0e803306-22b6-4c5c-8f70-0d95109379aa,For Broken Ears,Tems
,Thank Me Later (Int'l Version),Drake
f2ed6416-7da9-41ce-9685-b5fc72382ffd,Walking On A Dream (10th Anniversary Edition),Empire of the Sun
06a81817-093d-40f0-aef2-90673fa550ae,Graduation,Kanye West
31e5e525-df44-4fbd-8fde-6a4b4503beb5,Relapse: Refill,Drake
c5b5e74c-42ef-4e1a-b46e-f2103bcc9b35,Matching Rolexes,Curren$y
,wonderlove,Chase Shakur
,100 GIGS,Drake
,"Or Nah (feat. The Weeknd, Wiz Khalifa & DJ Mustard) [Remix]",Ty Dolla $ign
03f03619-385a-4ed9-9974-cdcdf6404cf5,The Life of Pablo,Kanye West
42b8b093-0813-40b8-bb7b-7d8956faf6ea,I Love You.,The Neighbourhood
a5208cd2-1249-458b-9ab4-409e955e35fd,Birds in the Trap Sing McKnight,Travis Scott
,Language,Paperboy Fabe
06549b4a-3c5a-43be-9819-82a15ec975a9,Nectar,Joji
031ecbde-35e1-4d3a-917f-f89f31aca1c9,Currents,Tame Impala
20d6d960-c7c3-4c05-8fb9-ca7509863f02,Cry,Cigarettes After Sex
0f4ea35e-9734-4b4a-8f17-a3bec43a093d,Why'd You Only Call Me When You're High?,Arctic Monkeys
,Out Of Time (25th Anniversary Edition),R.E.M.
2f10b5af-3944-4792-8027-05a194477caa,Teen Dream,Beach House
,Safe,itssvd
051e91c6-eb13-485b-9234-58c9e906ae20,Down the Way,Angus & Julia Stone
,Moth to a Flame,Swedish House Mafia
,MOTHS,NYXJVH
,Young Love,Wisteria
63940991-61dd-4f63-a142-d6ddfa7700dd,"My Dear Melancholy,",The Weeknd
,Dawn FM (Alternate World),Swedish House Mafia
,Accordianist,Renato Borghetti
,É Preciso Dar Vazão Aos Sentimentos!,Bidê ou Balde
6ce27605-54b4-4c77-84f7-2e66582b9bf3,Eles São Assim. E Assim Por Diante.,Bidê ou Balde
,act ii: date @ 8 (feat. Drake) [remix],4batz
ae4813d7-9d6a-41d2-90fb-d1e2650f2564,Can't Rush Greatness,Central Cee
79e46acb-3c4b-4afd-9aa4-54b8f5a29fe2,I Used To Know Her,H.E.R.
0996e292-5cb4-476b-be04-640eeecca646,The Blueprint 3,JAY-Z
b94a1d1a-76cd-4c4f-bd3f-a05e061ba6b0,The Lo-Fis,Steve Lacy
436c3ff4-de12-481f-beee-6707ff48a894,Some,Steve Lacy
,My Everything (Deluxe),Ariana Grande
,Again (feat. XXXTENTACION),Noah Cyrus
0fb96892-3890-40d8-b374-43b7e5c67d27,My Beautiful Dark Twisted Fantasy,Kanye West
4603cee3-ece6-435c-b0b7-7d9eb1842d36,IGOR,"Tyler, The Creator"
,Session 32,Summer Walker
,if u think i'm pretty,Artemas
,WHILE WE WAIT (DELUXE VERSION),KENN APOLLO
6aeb7b4f-3b67-415f-a967-c841e07906fe,how could u love somebody like me?,Artemas
25d5e4f9-5153-4bbe-baa3-5b026c1ec2c2,Isolation,Kali Uchis
,After Hours (Deluxe),The Weeknd
551061cb-f598-41e9-9ecb-380e7f5d405f,Blue Hawaii,Elvis Presley
1f821fd8-40dd-4029-906a-c024aa30e1fe,Chris Isaak,Chris Isaak
,Pat Garrett & Billy the Kid (Soundtrack from the Motion Picture),Bob Dylan
,vinicius de moraes,Vinícius de Moraes
70d0db74-4f4b-4d3e-ace5-4f918ae31fab,Vinicius & Toquinho,Vinícius de Moraes
34856ad1-f97c-4ad9-84c1-11fd04c806ee,20 Grandes Sucessos de Toquinho & Vinicius,Toquinho
02769f4d-ee78-3680-aa79-67f3a821c931,Pablo Honey,Radiohead
,I Love You. (10th Anniversary Edition),The Neighbourhood
965e6a7a-5d57-4bd0-ad35-474d6bf54759,The Zone,The Weeknd
,tape for when i'm sad,itssvd
c26b96eb-a3d8-47fd-925d-2b48f949001e,C U Girl,Steve Lacy
7c1287ed-757f-4a82-81ef-0d6c64d9629a,Sonder Son,Brent Faiyaz
c72ec68c-7f8d-42fa-a0de-a2f4ca2408d1,Who Did You Touch?,Montell Fish
42559545-e510-46ee-a9a1-25b9d256d636,The Highlights,The Weeknd
,let u go,LucidBeatz
02d5a9f0-7de4-473c-83ae-6f23a78dd73d,Revenge,XXXTENTACION
,Vamos Beber (Joga o Copo Pro Alto) - Single,Dennis
0317a54b-ee2f-4414-9c52-071948188db4,folklore,Taylor Swift
,Pineapple Sunrise,Beach Weather
2f140f3b-1279-41fa-8a88-c102a6b7cc22,My House Is Not A Home,d4vd
,do i ever cross your mind,sombr
e333eec2-2da9-4b25-a538-fbfa364e4570,Did you know that there's a tunnel under Ocean Blvd,Lana Del Rey
523f5e88-9988-436d-ab60-6d514c1f0e15,Flower Boy,"Tyler, The Creator"
03c33bf4-f27f-42f5-bd0e-0fcedeac9440,Por Vida,Kali Uchis
0095938b-b9a2-4f72-86ee-9be5c35ee0fd,Happier Than Ever,Billie Eilish
4823966a-df65-4f7f-be62-ac6d67cba030,bellyache,Billie Eilish
,Romantic Homicide,d4vd
,Shut up My Moms Calling,Hotel Ugly
,M4,Teto
,Atg Tape,MD Chefe
0c542e18-34e0-4302-85bd-90297347271e,Indigo (Extended),Chris Brown
,Telefone do Gw (Piririm),DJ Katrip
,Howling,Cartoon
b389974d-8b4f-4eea-80db-9e05a9a89dc5,Circles,Mac Miller
0762fd5f-99f2-4501-8b4b-c294e09f90db,Amnesiac,Radiohead
080ad926-7a4e-4399-b7df-0cc1b6ef841c,Kid A,Radiohead
1964ad07-cf2b-3508-88d7-fc96e7bb0803,Grace,Jeff Buckley
0084311d-5257-492f-a37a-1295ecc41011,Chemtrails Over the Country Club,Lana Del Rey
,Sprinter,Dave
d2894ab4-6776-41be-971a-d0101e9f6a56,DeBÍ TiRAR MáS FOToS,Bad Bunny
38057097-d52d-4494-a92d-dd1582f9cc8a,The New Abnormal,The Strokes
13920435-8a44-4e45-b35e-57b08ba9d1f5,2,Mac DeMarco
,Call Me By Your Name (Original Motion Picture Soundtrack),Sufjan Stevens
996b40f1-4212-42cd-b067-b31f6ea02e61,One for the Road,Arctic Monkeys
6d8f2455-baa3-423c-8607-b7ea4a560fe3,Harry's House,Harry Styles
0ba3d442-bdcb-4f09-ac7b-46fc07623981,Definitely Maybe,Oasis
,The Stranger (Legacy Edition),Billy Joel
10a93427-0313-4138-8864-df340aa06f9a,OK Computer OKNOTOK 1997 2017,Radiohead
0fd4d7cc-81ba-4851-8010-61566a3ac0ad,Chinese Democracy,Guns N' Roses
037717d2-2b94-4e0e-b4dd-485710539b89,BUSINESS IS BUSINESS,Young Thug
02f471f1-bafc-4d1c-aead-f4c5d0e2032a,Suck It and See,Arctic Monkeys
000b188f-549f-4c11-a5fb-024fbfdb7a13,"Everybody Else Is Doing It, So Why Can't We?",The Cranberries
,Vestido da Fendi,KayBlack
1c7de6a2-0458-4ec1-8efe-6b2ff4d1a2a8,Pearl,Rubel
74663a86-41c0-4a5a-8122-c55a9209ac5d,Imunidade Musical,Charlie Brown Jr.
,"""4""",Los Hermanos
366fc427-12bb-4a57-9ef1-9c62508c058c,Sol Loiro,Armandinho
db18e661-a69e-42c6-8ec8-089f1871a147,Spectre,Radiohead
2857f72f-fe40-3149-9f3d-f29f1276997a,Jar of Flies,Alice in Chains
01aa589c-a7cb-45bd-89a3-c2cb8ddab0a9,The Dark Side of the Moon,Pink Floyd
08c82ac5-257c-4f4b-bcc7-2ae448da284e,Paranoid,Black Sabbath
0966428b-fb87-4f0b-aaca-f87ec9b76a1c,Love,The Beatles
19c88bb5-1300-4bf3-b743-76e159d60b3a,Lemonade,Beyoncé
a08f930d-92c8-49cf-b03a-456f5898b637,Contradições,KayBlack
dd9f82a3-528f-4f4c-ac1e-81b489d193fe,Vivaz,Filipe Ret
,Poesia Acústica #3: Capricorniana,Pineapple StormTV
8ce13f9d-a9f2-481d-be39-fae287c72888,Revel,Filipe Ret
c185cd17-521d-479c-a707-3d5d4b6ed5d0,Gigantes,BK
,So Much Fun,Young Thug
02a26364-1e0c-434b-bbba-c5d28fa91a4a,The Wall,Pink Floyd
994acea1-22a7-4d4d-b886-a8c230ad6834,So Tonight That I Might See,Mazzy Star
,Hako Is Alive and She Is 59,mokumoku
1a98a88e-fe3d-491e-a63d-bf4928258939,Blue Is The Colour,The Beautiful South
94950104-84d7-4e39-aa82-3cd896d2d193,The Fall-Off,J. Cole
0949cf8b-b528-4d84-9354-7d53e0c49b95,Ventura,Los Hermanos
,DECIDE,Djo
092379d2-c60f-41cc-83df-2622058be2b0,Running,Cafuné
34f21251-df8a-4c39-882f-29d97711d0b5,Signs,Drake
,Running on E,Brent Faiyaz
0d628728-7603-46b9-8f1f-67cefd988d4c,4x4,Travis Scott
,Beanie,Chezile
c752e3fd-1264-4aac-a5ed-ce584b5ef44b,bitches broken hearts,Billie Eilish
6d50b672-4f8e-4b7a-917b-1ded22808632,Gemini Rights,Steve Lacy
,Freaks,Surf Curse
3a12923d-97cd-4e87-8cfd-fb67be970974,The Slow Rush,Tame Impala
071ee15e-e25f-4324-a13b-a2cd5f9099bf,Dangerous Woman,Ariana Grande
9a1b5c5d-ce5c-4288-b98b-f6c09edb1cdb,Short n' Sweet,Sabrina Carpenter
4fe782ec-2737-46bf-8744-f089891a8bf3,SOS Deluxe: LANA,SZA
098060d4-ba3c-469d-88b0-08642261c7ab,Discovery,Daft Punk
26f59522-092c-4654-a90d-d53973cf2aa7,I Told You,Tory Lanez
,A Morte do Autotune,Matuê
126cada8-78c5-3c02-a4af-7fffe7165ae7,Man on the Moon II: The Legend of Mr. Rager,Kid Cudi
49e884b5-3a96-423b-b12f-f67bf939d5dc,Crowded House,Crowded House
,I LIKE,Tory Lanez
39ab8f33-1206-4f5a-a87e-77c268b04fd0,Life of a DON,Don Toliver
07873092-09bd-450e-b18c-e1e0254bc50e,Love Sick,Don Toliver
,On My Own,Darci
c7049d1c-6470-47a1-9b4a-db957c33c232,Timeless,The Weeknd
a608c8c0-f9ed-450d-86b9-9fad73c9589b,come out and play,Billie Eilish
a076086a-c2f9-45e5-9dcf-68952198891b,Six Feet Under,Billie Eilish
120e42f5-1a70-490c-a525-df22642bfc85,my future,Billie Eilish
c32f5ead-4936-4dd4-b02f-d2efce22ebf0,Therefore I Am,Billie Eilish
,lovely (with Khalid),Billie Eilish
,"What Was I Made For? [From the Motion Picture ""Barbie""]",Billie Eilish
0a4d9451-63c6-4ba1-aeb0-f069e424f99c,Lost,Brent Faiyaz
10da1aff-1348-49c8-aeef-5b85ff84e7d6,Chasing Summer,SiR
244fc940-e12c-44f6-9e00-2d7ec24bcdf0,Trip,Jhené Aiko
14d6b531-3f2d-4e28-b9ec-f8f4b5810d59,Love Sick (Deluxe),Don Toliver
,Sin Miedo (del Amor y Otros Demonios) ∞,Kali Uchis
5a16e093-bd7d-45e1-a122-b3695906401c,Teu Chão,Maneva
8879ebbd-bc8f-4ac0-b6d1-a00c50ec64ce,One Night Only,Sonder
,It'll Be Fine,Chase Shakur
c5f02cd5-4b03-40ab-93ba-18b1520e6308,Máquina do Tempo,Matuê
,Pecado Capital,Xamã
,Deus Perdoa,Filipe Ret
,É o Trem!,Tz da Coronel
2e90647c-0704-4054-a369-ebb519e8cb2f,Dos Prédios,Veigh
,Amor,Mc Pedrinho
,LUME,Filipe Ret
,NUME,Filipe Ret
,2025,Mc Tuto
,MONTAGEM DE VAPO,GustXv
,"Gol Bolinha, Gol Quadrado",Mc Pedrinho
,Papel do Mal,MC Menor da VG
,Evoque Azul,Mc Pedrinho
,Os Maloca,Perera DJ
,Z-TALIA,Rich Fayden
,A Escolhida,Mc Pedrinho
,OZEN,TENZOO
,Mc Pedrinho,Mc Pedrinho
,Nosso Amor,Mc Pedrinho
,"Bonita, Lindinha e Sagaz",MC Davi
,Eu vou te pegar,Mc Pedrinho
73d70a3e-90a9-4914-af97-c56ffa25417d,I Don't Want You Back,Eamon
,Fetish (feat. Gucci Mane),Selena Gomez
,tempo.zip,Teto
717dd194-1abf-4ac0-85b9-be8c844cf4d8,Built On Glass,Chet Faker
5fe4638e-8352-4662-9aed-1031df640141,Tempo de Paz,Maneva
15117e57-3d7d-4f45-a89f-1da1f150b6f0,This Is All Yours,alt-J
3e9fdf77-190d-3548-9bfa-4de8f7ffdc57,Just as I Am,Bill Withers
,Songs From The Big Chair (Super Deluxe Edition),Tears for Fears
0e7dacaf-aab2-30ad-b0b3-32432be4dea8,Rebel Yell,Billy Idol
,Synchronicity (Remastered 2003),The Police
0bf3ff82-c17c-4b5e-affc-18d0bb939a26,Invincible Friends,Lilly Wood & The Prick
48c61bd1-9a20-4c10-bf97-6590683d615f,Sugar,Robin Schulz
99207b84-26b5-41ea-aef0-1f741481e801,Prayer In C,Lilly Wood & The Prick
,Resenha do Arrocha,J. Eskine
0424ef76-fbe3-4e78-adac-9c5b6d96f6de,Turning Point,Mario
,No One (Remixes),Alicia Keys
,"Acorda, Pedrinho",Jovem Dionisio
,O Que Sobrou (150Bpm),MAZILI
,Loud (Japan Version),Rihanna
,Tha Carter IV (Complete Edition),Lil' Wayne
1de12505-ac7b-49ab-a0ab-2aa189f0bf99,Good Girl Gone Bad: Reloaded,Rihanna
0436977b-e77f-4d19-862f-49a5190369d8,Year of the Gentleman,Ne-Yo
0094f7a4-216c-4ffe-93cd-14346f9a663a,TIME,Mr.Kitty
,Celebridade,Orochi
,PARTYNEXTDOOR 4 (P4),PARTYNEXTDOOR
,Vê Se Não Demora,ResenhaDaBlakk
9b300a1f-3630-47c0-b865-e423150fe15f,Amor Incendiário,Yago Oproprio
,OK! OK!,Teto
,In My Room,Chance Peña
05bbbba9-1ddf-401b-a41c-3d0a8dc805bd,Strange Trails,Lord Huron
,Modjo (Remastered),Modjo
,GYM HARDSTYLE SONGS | POPULAR GYM HARDSTYLE SONGS | TIK TOK GYM HARDSTYLE SONGS VOL 4,Poseidon
,Trouble Deluxe Edition,Akon
03d2cd2e-b41d-4293-bc71-3fc1633a195a,18 Months,Calvin Harris
0380808d-2211-4869-a287-cc94e0d18162,Demon Days,Gorillaz
,Bloom,RÜFÜS DU SOL
,Let You Go,Clara La San
,BALLENA,Vulgo FK
0def8878-d6de-43bc-969a-7bf72ec096b4,Move (feat. Camila Cabello & Malachiii),Adam Port
4602a81a-0210-4446-9693-3258f668d954,Melanchole,Salvia Palth
54d5c88c-7a5b-4502-93ab-a6b245611a94,Tourist History,Two Door Cinema Club
,World Hold on (Children of the Sky) [Radio Edit],Bob Sinclar
,Fala na Cara,Mc Paiva ZS
,Nardy World,Loe Shimmy
183c4e1b-6b2f-4403-9bc0-69e11fb6ef01,Floor Seats,A$AP Ferg
,Solitude (Felsmann + Tiley Reinterpretation),M83
,World Hold On (Children Of The Sky) [FISHER Rework],Bob Sinclar
,Innerbloom (Radio Edit),RÜFÜS DU SOL
3b3c7187-091b-4701-bf6a-d4e05f64296d,"Honestly, Nevermind",Drake
,Floresta,Tz da Coronel
,One of Wun,Gunna
,want u,noevdv
,Medley de Igaratá 3,Mc Negão Original
,Amantes da Foda,Mc Rodrigo do CN
,Tropa 7Lc,MC ANJIM
,Aplico o Chá,MC DB
04405e1c-7f8c-42b1-a8ae-2561ebb146b4,Snow,Angus & Julia Stone
064fb15d-a667-48e5-9eaa-c8e9b8efcb8c,An Awesome Wave,alt-J
,Sophomore,Clayton Santiago
,Jealous,Eyedress
05c67876-38cc-4297-ad2b-754247d2ab83,Trench,Twenty One Pilots
1488d974-6b32-4bbb-8f50-c90d268c7c02,Talk That Talk,Rihanna
,As 10 Mais (Ao Vivo),Charlie Brown Jr.
855ddbf1-f8f8-4801-b3ec-486768aba72f,"Ritmo, Ritual e Responsa",Charlie Brown Jr.
,Eve,Avenoir
,Última Noite (Solo),Léo Foguete
,Bagulho Louco,Mc Paiva ZS
,Black Panther the Album Music From and Inspired By,Kendrick Lamar
1c0b9be4-3482-4882-bf1c-9ee8cd6191d0,Jungle Rules,French Montana
05678d96-23f6-4dae-b994-53c3ff4dede0,Metallica,Metallica
ddb57f4a-866d-454b-b314-c6c6cfd1e803,Fui Mlk,Nilo
,Nevermind (Remastered),Nirvana
,K.I.D.S. (Deluxe),Mac Miller
01e51f7c-4b95-4ae3-a707-181b74b1ebab,Meteora,Linkin Park
00bb5095-fe09-4cd7-ac34-835450685327,Silver Side Up,Nickelback
129c8d59-41ef-4682-a288-c1e88ef471e6,Three Days Grace,Three Days Grace
,Days B4 III,Lucki
,2000,Joey Bada$$
8d27d545-e8a7-4524-a664-4305f1824824,Destined 2 Win,Lil Tjay
1b11c7eb-6774-48fb-996f-c6ffac37c993,Moon River,Frank Ocean
,NEVER ENOUGH,Daniel Caesar
,Love is Only a Feeling,Joey Bada$$
7f544e9a-3879-4d6b-96f1-c52fef8940a0,THE FIRST TIME (DELUXE VERSION),The Kid LAROI
1fedf6e5-ae2a-4d42-b274-3a3f6bff35ee,i am > i was,21 Savage
0c71d593-14a3-4136-a3d0-b1c72e998e56,Wish You Were Here,Pink Floyd
2be9dcdd-fbb2-4c80-8a86-675741998726,Among My Swan,Mazzy Star
48271e9b-428d-4830-ba9b-5f7fa0177232,How to Save a Life,The Fray
21eff1d0-c156-4421-85d4-4e047290be20,ICON,Brent Faiyaz
,Which One,Drake
,Hurts Me,Tory Lanez
,"God Forgives, I Don't (Deluxe Edition)",Rick Ross
,Aztlán,Zoé
207bb2ce-9323-33a3-af2c-cf3dda18db9e,The Fray,The Fray
,You Were a Dream,Artemas
0ca50ac4-48f1-4903-a70e-a9b8676d85d3,Amala,Doja Cat
4896e0a1-57eb-49bd-8ae7-24f12600bb53,Tell Me I'm Pretty,Cage the Elephant
,HIGHEST IN THE ROOM,Travis Scott
87621f61-eac5-4117-8fb2-2a8cdda3aed4,The Love Collection,The Neighbourhood
,Gardener of Eden,Saint Avangeline
11070dd5-5c3c-4c33-94ed-8c68334d5fe3,The Best of Sade,Sade
,Lembrei De Tu,MC Meno K
2728659f-ae53-44b2-acd8-993d0e803b56,Love Deluxe,Sade
,float 2.0,Kairo Keyz
81aaa6da-98d3-4e22-b3f7-dd6200fb06a1,Doja,Central Cee
,Bazooka,Miami XO
a6a56f54-6cfb-449f-8f99-6259527a962e,Good Looking,Suki Waterhouse
1c930f2b-fc99-4004-9188-15a8f51f0dc6,Y2K!,Ice Spice
,Judas Effect (2024 Remaster),Vestron Vulture
,The Space in Between (Ben Böhmer Remix),Jan Blomqvist
,D4U - Spotify Singles,Avenoir
33030768-eed0-404a-bd5e-af6950546211,Doo-Wops & Hooligans,Bruno Mars
041a07bf-55df-48fc-80a8-7924f5d01f0a,Torches,Foster the People
,Sem Coração,MC KAKO
,Redes Sociais,MC Luan da BS
,Ela É Blogueira,MC DB
,Ondas,DJ VINI DA ZO
,Vida Tá Demais,MC DB
,Privilégio,MC Luan da BS
,"Set do Dj 2W, Vol. 2",MC L da vinte
,"Caça Fantasma, Vol. 1",DJ WS DA IGREJINHA
,Privacy Dela (Gosta Que Pega Bolado),Dj Faisca
,Que Saudade de Você,Mc Kaio
c576c753-6d78-470c-bcb6-c83513731b3e,Who's Next (Deluxe Edition),The Who
33ca2b8d-f82b-4366-a41a-cc17bce5d22d,Chihiro,Gravagerz
6440ca11-4726-4e47-8afe-160f31e10046,Navajo,Masego
1cd7613c-bb60-40b9-ba16-6e54e6d8d069,NOVEMBER,SiR
2bd12a5a-9d31-4f37-ba65-251c3716fef0,Year of the Gentleman (Bonus Track Edition),Ne-Yo
e26e8cbc-db4c-422a-a171-f0080a142c88,SMITHEREENS,Joji
bee91394-15b3-40e9-b23a-bab47b1d3722,Cosmic,Bazzi
012514b5-dc0f-4418-b67a-c6a8d3af4096,Minutes to Midnight,Linkin Park
,Sorriso no rosto,Mc IG
,Boiadeira Internacional (Ao Vivo),Ana Castela
,F.A.M.E. (Expanded Edition),Chris Brown
,Garden Kisses,Giveon
,Souled Out (Deluxe),Jhené Aiko
3d804133-76b0-4995-b838-df526ff4de5f,False Prophets,J. Cole
45220aba-b261-4a72-9f2b-796db75b2a20,Riot,XXXTENTACION
,DS2 (Deluxe),Future
09aa7622-b935-48bc-834b-495040a74ff3,ye,Kanye West
,"Come Over When You're Sober, Pt. 2",Lil Peep
1065bda8-c38f-4824-8ce1-248014836d3f,The College Dropout,Kanye West
3d15c495-2b55-4cda-8405-4ff7a90f7dc8,JESUS IS KING,Kanye West
136434d5-9ddf-4c62-8dcc-021ead11fe0c,Blurryface,Twenty One Pilots
,"Escolhas, Vol. 2 (Ao Vivo)",Zé Neto & Cristiano
,Be Someone (feat. Ray X Ben),KVSH
,Hold Me,LaVern
31542e2b-a7ad-4259-ab5b-f4bf22ff4e2c,Breathing,Ben Böhmer
b51393ae-8ef0-457e-956d-541550825dfe,Thoughts I Never Said,Odeal
,Mind of Mine (Deluxe Edition),Zayn
47f54012-18f6-43c0-aee7-bcb861ee5d21,MIDDLE CHILD,J. Cole
,Face Value (Deluxe Editon),Phil Collins
,The Best of 1980 - 1990,U2
,LONG.LIVE.A$AP (Deluxe Version),A$AP Rocky
78fab71c-68fd-481e-ae7f-fde403e3c880,Morayo,Wizkid
90e2bb08-d7b6-4b80-ba9b-dcb4cab0902c,The Reason (20th Anniversary),Hoobastank
3ebee787-e7eb-4595-8ecd-caafc61b94ca,Cole World: The Sideline Story,J. Cole
,Missing / Show Me (Alt Versions),Essiyas
,Caught in a Dream,Palastic
79753e76-5af2-402d-b99b-e06147de4b16,I Adore You (feat. Daecolm),Hugel
,DIAMANTE,Gordo
2b978be3-f9ad-4126-abb4-b870964fc0a1,Forever (feat. Malou & Yuna),Hugel
,In The Dark,jend
,S&M - HARDSTYLE,Poseidon
,Deep Inside Of Me (feat. MKLA),Vintage Culture
e9f77314-7951-4959-b677-599e3c59648c,Dos Prédios Deluxe,Veigh
,Imprevisto,Yago Oproprio
22dacc34-e04f-4b9e-97a5-3dedd3b0a56e,Heathen Chemistry,Oasis
,Se a Saudade Bater,MC Tairon
,Let's Go 4,DJ GBR
,Tipo Gringa,DJ Matt D
,Self Esteem - #1 Hit (Kisses for Me),Lambo4oe
,Água Rosa,MC ANJIM
,Bala Love,MC ANJIM
,Meca Cereja,Vulgo FK
,F**K SONGS,Vulgo FK
,DISTRACTION / SCREAM MY NAME,Montell Fish
,For Me (feat. Brent Faiyaz) (Remix),Loe Shimmy
45c62e69-1603-4680-ba26-cdbc29000cc5,Be Easy,Odeal
,You Are In My System,Kerri Chandler
,Sing It Back (feat. Naila),Ash
,Disco,Surf Curse
,Idea 22,Gibran Alcocer
0d1379b2-6b9d-4a90-b122-0a5755a45143,Tha Carter III,Lil Wayne
,Let's Just Send Interludes to Each Other,Abel Takan
,expensive taste,Tyde
,kame 'n left,Tyde
88f77705-063b-4793-a035-c1a7e4817187,Solace,Kyle Watson
,Hide U (Tinlicker Remix),Sian Evans
d4fc975f-d23b-4971-a102-dd7efedeabf9,The Last Temptation,Ja Rule
003d4815-20a2-4f5a-92bd-24abd40136aa,No More Drama,Mary J. Blige
04350c11-83ee-34f7-a962-a17ef07a8d1c,The Writing's on the Wall,Destiny's Child
,Bad Boy's 10th Anniversary- The Hits,Diddy
,Confessions (Expanded Edition),Usher
,Bad Boy 20th Anniversary Box Set Edition,Mario Winans
20737aac-9d9a-4833-981e-12113cd8d90c,Bored,Billie Eilish
,Weightless (jamesjamesjames Remix),Ben Böhmer
,Surrender (Remixes),RÜFÜS DU SOL
,Make It Better (Remixes Vol.1),Dashdot
542c69e5-ccf5-4f89-865c-9d9533c62b2b,Ascend,Dezko
,Something Real,Nu Aspect
,Price,Palastic
,Dancing People Are Never Wrong,Jan Blomqvist
7cefa729-87de-49fb-8256-54e208b7f05f,Remote Control (Remixed),Jan Blomqvist
,Cornfield Chase,ItsArius
,23,Central Cee
,No Love,Memphis Depay
6ceccb98-2b29-44a2-b7a9-eeea7d42c210,Zombieland 2,Loe Shimmy
,Miss You,Nu Aspect
,Sleepless,Avaion
,A Internet É Toxica,DJ LC
,Escolhas (Ao Vivo),Zé Neto & Cristiano
,Ninguém Tá Puro,Mc IG
,Alternative Trap,Lucki
,Ocean Drive (Extended Mix),Duke Dumont
7e567033-10f8-40d8-835e-67a8ad8865e9,Bicep,Bicep
b6bdc1f9-77f7-447c-93d2-3de20cf366d2,Can't get over,Kasino
,Where You Are,John Summit
,Light of Love (15Th Anniversary Edition),Kasino
,World Hold On (Children Of The Sky) [Radio Edit - Vintage Culture & Dubdogz Remix],Bob Sinclar
,Rain,Shiloh Dynasty
,I'm Drunk And Confused,SAGUN
,a ghost hug,LUUV.
,love and pain,Axleh
,Father Forgive Me,LRN Slime
3af0972b-66ef-4e15-b2f5-a1b07bec5c92,PARTYNEXTDOOR 3 (P3),PARTYNEXTDOOR
03d2661d-efbf-4932-acba-d068848be739,In Your Honor,Foo Fighters
,Stoney (Deluxe),Post Malone
a3a476cb-60ef-47cb-b819-45a18dce111a,Bad Vibes Forever,XXXTENTACION
,Broken hearts,Axleh
bd448834-f51c-4ed7-83a6-6e7255486888,7 Vezes,O Rappa
,Sementinha do Mal,Febre90s
9012eb5b-8fb7-461a-834b-33ebe2901e6a,Petals to Thorns,d4vd
571bb043-55f8-4621-9828-a553e707a82b,Moon Boy,Yung Bleu
04c87467-fa10-49b2-bf81-7f732cb04586,Stankonia,OutKast
435f9796-2eb1-43e5-b6cd-826b9c2d5365,Sim,Vanessa da Mata
d617f9bf-e936-41c4-8e00-fc6cffb95620,Days Before Rodeo,Travi$ Scott
02084fd8-5bce-3495-9e9f-86261dcb59a2,The Colour and the Shape,Foo Fighters
80bd9409-bf2f-49d5-9dce-7a8adf1f29a1,There's Really a Wolf,Russ
96364004-da75-4bfd-a104-7c51e292486b,A Love Letter to You,Trippie Redd
9cece256-caf2-4a90-8e8f-bd544037486f,Armandinho Ao Vivo,Armandinho
,Sketches for My Sweetheart The Drunk (Expanded Edition),Jeff Buckley
53218177-6c5c-4c27-8fd1-5246b178662b,The World We Knew,Frank Sinatra
,Nothing But The Best (2008 Remastered),Frank Sinatra
5a2022e2-fc9d-4b37-b846-bdc504ddf9c5,Thank Your Lucky Stars,Beach House
,In Rainbows (Disk 2),Radiohead
032469aa-f00b-49cd-badf-5cbda161170c,Ten,Pearl Jam
630ffe0a-8678-41aa-a044-2123d97cc3e0,Psychodrama,Dave
,Lei do Retorno,MC Hariel
,Ruby Rosary (feat. J. Cole),A$AP Rocky
3f70b299-237c-4758-a463-b2467980f5b4,Out the Trunk,Larry June
,The Great Escape,Larry June
99c37a63-fab3-44f1-b5aa-5944a2207deb,DANGEROUS SUMMER,Yeat
36dffde5-7b5b-4fc5-8344-4d623e47ce5b,Tiramisu,Don Toliver
,wgft (Remix) [feat. Chris Brown],Gunna
1aad3933-6f4a-48fc-93b7-6a269d42e37c,Revenge of the Dreamers II,J. Cole
,L'Amour Toujours (Organs Instrumental),CHARBO
,wgft (feat. Burna Boy),Gunna
,Grace (Legacy Edition),Jeff Buckley
,Nothing Breaks Like a Heart (feat. Miley Cyrus),Mark Ronson
16eb8908-7d05-48b9-af7f-cb017302482a,The Black Parade,My Chemical Romance
002183a5-c087-4c0a-9c47-65ef79261dd2,A Head Full of Dreams,Coldplay
07d02411-6722-4071-8130-14fb8512288a,Souvlaki,Slowdive
9cc547e6-141d-4e77-9bdf-3bdb77c31b1b,2093,Yeat
0ec67913-5de5-4ca5-a354-59f34af17c77,The King of Limbs,Radiohead
0102e469-a06a-4f27-8477-57981cb63ebb,Humbug,Arctic Monkeys
,Off The Record,mokumoku
29ed899c-d4c8-4e9b-b950-e562c76ec159,7,Beach House
,Mi Gente,J Balvin
,D-DAY: A GANGSTA GRILLZ MIXTAPE,Dreamville
ddbf4a4a-1f8e-49ad-b8a4-21481e403352,Might Delete Later,J. Cole
a76aba2b-8147-4239-b802-0ffbbc1dd3c6,Canções de Apartamento,Cícero
75c9f87f-926c-45fe-8919-3f1fb333945c,"At The Beach, In Every Life",Gigi Perez
ca43df12-f49a-490c-ada9-9867ad85e8ab,The Off-Season,J. Cole
157f27fb-7f7f-4ea9-9674-fd84ed9db612,Lioness: Hidden Treasures,Amy Winehouse
,Good & Plenty (Remix),Lucky Daye
,Over,Lucky Daye
2b5510d6-7321-4e44-a2b2-558f103ba8bb,Tranquility Base Hotel & Casino,Arctic Monkeys
,Too Much For Me,selker
69fae433-bf6e-41f8-a309-ac832cbfa958,A Fire Inside Of Me,Lucas Dekker
,Do To Me,Tim Sanders
,Do You Mind (Crazy Cousins Remix),Paleface
,Beat Que Te Deixa Alerta,DJ Japa NK
,Ctrl (Deluxe),SZA
3b4e02d6-6af3-4b2c-a91f-e219ce1307fe,Painted,Lucky Daye
,AURA,ogryzek
,The Fate of Ophelia (Funk),NOVAX
f4ccb8ab-b46a-4a26-9fad-41f231310216,"Violator | The 12"" Singles",Depeche Mode
,Hot Space (2011 Remaster),Queen
2355bdf3-8bdc-4288-a8c2-f46bb98d17c4,Magna Carta... Holy Grail,JAY-Z
001e9d0e-2c1d-4764-8d33-463bd0870a71,13,Black Sabbath
a46f955b-8e5e-4ba6-a07e-2e87cfa90efd,Valsa e Vapor,Phill Veras
f70805ee-f3f5-4453-a344-eef3ad5f7e85,Bloco do Eu Sozinho,Los Hermanos
,Os Dois Lados Da Moeda,prod gomes
d39a140d-136e-49a5-a6cf-be5f6291e833,Waterfalls (feat. Sam Harper & Bobby Harvey),James Hype
2a760ac4-0907-4526-81b9-fbbed10f9ce8,THRAK,King Crimson
015be3dc-78b7-325c-932d-887c6920fa0e,Be Here Now,Oasis
37f0c94a-12bc-4371-bb35-790003c32a75,"Whatever People Say I Am, That's What I'm Not",Arctic Monkeys
0a36d29c-e0cc-4205-a40e-5b04013cff5f,Vs.,Pearl Jam
,Come Around Sundown (Expanded Edition),Kings of Leon
11545505-e20b-46d2-9da7-830c509d427b,Dig Out Your Soul,Oasis
,scars,Novulent
,The Singles 86-98,Depeche Mode
5bbbe123-d425-4107-8e16-f45667d40270,Hot Blooded,New Constellations
1ac8c46e-e483-46ba-ac82-08f6e25ba9bd,Tell Mama,Etta James
,Resenha do Arrocha 4.0,J. Eskine
,NEM SÓ DE MALUQUICE VIVE O HOMEM,J. Eskine
227014df-59ae-46e8-9605-b53f23599129,Fallen Star,The Neighbourhood
16de0b2c-e92d-42c6-9d67-74cebcfac08f,Songs from the Big Chair,Tears for Fears
,The Noise,The Noise
,Peu,Ale Sater
21d945e4-9904-44ad-b96d-d8aa334e8872,At The BBC,Amy Winehouse
320b5cdb-9e0c-4efb-ba38-aa04e67c7ed0,O Que Você Quer Saber de Verdade,Marisa Monte
ec230b52-0f84-4d67-a94f-1897ada9ea02,Gaveta,Phill Veras
,Welcome To The 1990s (Live),Mazzy Star
5848fd87-4bd2-4d89-8673-e330c8652045,Bring Me Home - Live 2011,Sade
0e8df420-5ec3-46a8-aca1-b526333a9be7,The Devil's Walk,Apparat
,Obsoleto,Seu Pereira e Coletivo 401
,Tudo Tão Certo,Ale Sater
06697697-6019-31eb-b5a0-f7bc3c861bbe,Soldier of Love,Sade
1e1ece5a-728a-461e-99fb-7d56441a8d72,Mirage,Avenoir
,Sei Lá (Papatracks#7),Papatinho
,Get Rich Or Die Tryin'- The Original Motion Picture Soundtrack,50 Cent
,Esse Cupido Não Me Ajuda,dexhenry
,Toda Trabalhada,DJ Cz
2f2b8cd8-1c70-48c6-bbb6-a92365d8cf75,So Far Gone,Drake
,Falling Back (Extended Version),Drake
,International Women's Day,Ellie Goulding
,LOVERCORE,Artemas
513a9e6b-57b6-4b3c-9cb1-61764004e182,XTRANHO,Matuê
,Rearrange My World / There’s a Field (That's Only Yours),Daniel Caesar
38d597bf-0890-4c9f-8562-28a562ba5538,So Close to What,Tate McRae
,Songs About Jane: 10th Anniversary Edition,Maroon 5
d390e014-dd8f-41f4-963a-a7b333cc3943,The Secret of Us,Gracie Abrams
311ad921-98dc-43d5-ad37-ceba57618f52,Twilight,bôa
,Tu Veneno Mortal,Eslabon Armado
365d84ce-ac56-463d-94df-d7c23797bf12,$ad Boyz 4 Life II,Junior H
4532a41c-3c28-49b5-9cbf-31482f2a6d73,Los Hermanos na Fundição Progresso - 09 de Junho de 2007,Los Hermanos
,Seu Pereira e Coletivo 401,Seu Pereira e Coletivo 401
049fc811-ac72-4fe8-aa4e-30a50e205707,Last Christmas,Wham!
,All I Want for Christmas Is You,Mariah Carey
9d716f4e-8a34-4db9-a41c-7ef649b3b37c,The Life of a Showgirl,Taylor Swift
50853278-fd6f-4b20-87e5-82c9ba76dc72,Chip Chrome & The Mono-Tones,The Neighbourhood
,Eu não sou boa influência pra você,Seu Pereira e Coletivo 401
,Mirage (Deluxe Edition),Fleetwood Mac
dc196fb6-6d0d-4d12-9787-77afd9d651d0,(((((ultraSOUND))))),The Neighbourhood
,Zebrastreifenpferd,Oimara
,Manu Pilas - MIRA (Videoclip Oficial),Manu Pilas
,TAKE 01,FERDI
,TENTAR SER BREVE 🤷🏾‍♀️,KayBlack
23883c62-18b7-407b-a8d1-2c66cb58fb7a,Donda,Kanye West
8c4f5dcf-87a3-4be0-8c3a-811bc6bde3c7,Outubro Ou Nada,Bidê ou Balde
,FKAY,KayBlack
cb2890d9-93d4-41a8-ac0b-bfca87723747,open this wall,Berlioz
,In Full Bloom,Rose Royce
,Noiris,LOOPGARDEN
0184146c-8de3-4968-838a-f1d7ebd2ac4c,Promise,Sade
,you & i,LucidBeatz
,Rocd & Limerence,M25
,Me Against The World,gio mkl
,take it from the starz,Roman Nasenmensch
0fadde41-aab1-42de-88c2-e7ca6ee32f2e,yustyna,Artemas
,Silencieux Amoureux,Saphir
,APRES SKI,Tream
,São Paulo,undeadprincess
a40eb560-64e9-4cf2-b210-420edf4b227f,Burguesia,Cazuza
0cd52968-e229-4a0c-8c03-bf267800fe4c,Carpete,Phill Veras
,Since I Have A Lover,6LACK
07216c6f-5932-49e6-846a-f3fd88b8d618,Salad Days,Mac DeMarco
,The Miseducation of Lauryn Hill,Ms. Lauryn Hill
e461c1b4-4eb5-46c2-8eb1-1b29e1befdf4,French Exit,TV Girl
4f7651be-5fb9-428e-aabf-6fc08e9f49b6,IMPLOSION,Labrinth
,Afraid (Live at The Palladium),The Neighbourhood
,Prey (Live),The Neighbourhood
,Walking Wounded (Deluxe Edition),Everything But the Girl
,The Entire World Seems to Be Asking the Same Question,Numb The Pain
005b018b-d052-409f-a68b-ddbae76a79f2,Goblin,"Tyler, The Creator"
,Les (Instrumental),Scammacist
22878d56-8b2c-4ea2-ac4e-ecffccb0e420,I Run,haven.
332fcd3b-c2b2-41d5-83d3-e159db056f23,The Documentary,The Game
51f8289e-7379-4c7b-ab50-564e2f875594,Deadbeat,Tame Impala
bb987b84-aa84-4428-9169-1c5ea3764b7b,Promises,Bovski
,WILDFIRE,Fuzion
,Just For the Night,Shankz
651681ea-4d63-47ac-8a73-58085b6c448f,Falling,Nate Band
,Runaway (U & I),Ian Asher
a7c036cd-04f6-4c74-821d-398be8ba7b11,Make Me Feel,Oskar med K
,Key To My Heart,Bovski
05adfe85-dd1c-44a0-bda8-a9159e59a30f,Purple Rain,Prince
,Watch The Throne,Jaÿ-Z
,Alone At Prom (Deluxe),Tory Lanez
031f4bea-732f-4d00-b409-5ca5ce3335e9,Every Day,Eric Prydz
26ac4c30-1987-3281-b77f-84fab6712d44,The Element of Freedom,Alicia Keys
,NOBLE (Slowed Down),F3miii
031daf2e-ee11-4a34-8a90-105f76be0729,(What's the Story) Morning Glory?,Oasis
c813b74d-942f-4612-967a-788d9e3e94fd,private music,Deftones
2e23341e-9a49-4cf2-89db-8ddd882da2fe,Koi No Yokan,Deftones
,"44° North, 63° West - The Remixes",Dezza
909fe712-64f7-47b8-9666-8d0c88d703a8,In Another Lifetime,Tinlicker
2e4eea24-84b8-460f-a871-89b00ad2ab3d,Far Away Place (Jody Wisternoff & James Grant Remix),Xinobi
,Fade Into Black,Tinlicker
,"The Last Dance, Pt 2",Emmit Fenn
89d1ca18-02cc-44b5-bbeb-398682484a46,Sundress,A$AP Rocky
05b67f03-9593-4bef-bb61-01b28ec1600e,Late Registration,Kanye West
,BULLY,Kanye West
,The Blueprint 3,Jaÿ-Z
,one pillow (Official Music Video),Theo Croker
,Barulho Da Colocada,Dj Duarte
,Passo com a Bunda e Sarro,Prod.Nifour
,QUE LOUCURA,DJ Exe
,Vida Cara,Orochi
192ef3d0-9f54-426c-9485-b867c7d3798b,Voices,Phantogram
,It Comes in Waves,New Constellations
,Atlas,RÜFÜS DU SOL
3449ef2f-15a0-486a-8667-c91eb052cbf9,Odd Look,Kavinsky
,D.T.S.N.T. EP,Stwo
,Send Return,&ME
4062f335-f3c8-4037-a73d-b37eccde3fbc,The People's Champ,Paul Wall
,is it cool? (feat. SZA),Steve Lacy
,"good kid, m.A.A.d city (Deluxe)",Kendrick Lamar
,Drip Harder,Lil Baby
,Dai Dai,Shakira
,Zootopia 2 (Original Motion Picture Soundtrack),Disney
,"Colors (Coca-Cola® Anthem, 2018 FIFA World CupTM)",Jason Derulo
,Jamie (Do you still love me?),Ecchi.mp4
,Crazy,Myles Lloyd
64ca8c62-54c9-494e-9037-9d9a7c85c0d7,Miss Your Body,Nate Band
,Desire,Ian Asher
4ba0a1ee-fa82-47ee-995e-da37878d41e6,Butcher's Coin,Traitrs
,Apasionada / Over It,Future Nobodies
,Paralyzed,Glaring
,Heretic,Vestron Vulture
,Corporeal Form,Flowerbabe
5706296e-7393-4a89-bb4c-ef8f69b78963,I Saw Nothing Good So I Left,Bragolin
fb789c81-b95c-4c9d-9ae0-1d9ca9948efe,Super Liger,Vestron Vulture
,"Thank You,",The Neighbourhood
04944dc2-3736-45bc-b3b6-63fd42b86136,To Pimp a Butterfly,Kendrick Lamar
7e23f641-7275-48ce-b592-ece9d0fa25cd,LIVE.LOVE.A$AP,A$AP Rocky
82090cd2-fc9f-4add-bdbf-6cfe7ff987d5,Streets of Vengeance,Vestron Vulture
0505543b-3387-4119-a1cf-8670fec5632a,Faces,Mac Miller
,Ghoultears,Vestron Vulture
,GRILLED CHEESE DELUXE,Vestron Vulture
9caef7d6-3cb2-4ff9-ad71-c11b159ed19c,TELL ME WHEN I'M TELLING LIES,Vestron Vulture
,ROLL MOTTLE,Vestron Vulture
,Gaiden,Vestron Vulture
213910e7-279a-3186-81ae-cf330ded96fb,Roseland NYC Live,Portishead
,Wackelkontakt,Oimara
,ALRIGHT,Avstn
,Self Control,Lynnic
,Say My Name (Remix),Morgan Seatree
b0447dbd-18bb-458c-86d9-8ace206d3b98,Wild,James Hype
,Kisses (feat. bbyclose),Bl3ss
,Tongue Tied,Sam Cliffe
48a25107-8463-458b-843e-437d9eda565e,Lose Control,James Hype
,wacuka x say my name,Brown Eyed Girl
,Bandido problemático,DJ GUSTOMARES
,dirty little secret,Artemas
20aa9b51-08b4-4f09-b88c-7017eaaea971,Cilvia Demo,Isaiah Rashad
d98df59b-beaa-424c-a48f-cf8217f61776,Missing Something,Asal
,Project YVL,Twxn
004dfc26-36b4-4bf7-a51e-4146b7a415d4,"Strangeways, Here We Come",The Smiths
00163fb1-5ab7-4fec-b0dd-a915e2722340,Dummy,Portishead
0ba034bc-799f-436b-9d97-54315f3d8114,Agent Provocateur,Foreigner
460be4b3-5347-45f5-8783-b158d354d97a,Failed at Math(s),Panchiko
,EU SEI QUE NÃO É VERDADE,dnovaees
806c5890-198b-4ffc-8ce1-cc0b5dc60c5d,Strangers,Kenya Grace
,Her Loss,Drake
,These Walls,Kendrick Lamar
,Will I See You Again?,Thee Sacred Souls
,As Pequenas Grandes Coisas,Vitor Kley
01b0f6e0-fc0b-391b-bc6a-956e282441f3,brand new eyes,Paramore
,I Smoked Away My Brain (I'm God x Demons Mashup) (feat. Imogen Heap & Clams Casino),A$AP Rocky
,Wackelkontakt (HBz x Luca-Dante Spadafora Remix),Oimara
0b79f6fb-23f4-4cad-9729-68910e93f6df,All Eyez on Me,2Pac
00a49110-e36f-493c-a4bd-6516d1dc78fd,Better Dayz,2Pac
,Tcheca açucarada,DJ GUSTOMARES
01e3fec0-8c75-4800-9c31-7cd42e93f3bf,Hail to the Thief,Radiohead
5da51ac1-9123-4de5-a19c-d5a4083ff10f,Arquivo II 1991 - 2000,Os Paralamas Do Sucesso
,Seja Para Mim (Acústico),Maneva
8366f4a2-4d91-47a6-b787-c9faa1aeeb4f,Samurai,Lupe Fiasco
,Para nunca nos tornarmos estranhos,Sotam
,Freestyle,KayBlack
3b71efac-ebc3-4172-bc0c-7a0a44c581d4,Exagerado,Cazuza
8d264046-d738-4707-90e5-0350ed2de95a,Camisa 10 joga bola até na chuva,Charlie Brown Jr.
e7e902d4-a2e1-4bb6-9b92-694f0676ca0b,Sobrevivendo no Inferno,Racionais MC's
,A Cara do Enquadro,KayBlack
,SEM PAUSA,Sotam
,MLK RUIM,Yuri Redicopa
b3f2384f-3838-4457-a694-b50f95e4d59f,southbound / test drive,Artemas
7f8b58e8-c1e4-4df1-bd3d-45dc0c20c14d,i like the way you kiss me,Artemas
5cd6933d-a499-49e4-976a-4c6ec4b8b72c,superstar,Artemas
,Medo Bobo,Rubel
d8e363e1-d939-4a93-966f-89e376f84517,Infinito Particular,Marisa Monte
d45954ec-3692-4c58-b512-cc2f7aabe9a3,Amour Plastique,Videoclub
0958229a-2fd0-49e9-b6e8-34558c814e82,Euphories,Videoclub
e41ee68e-eb4a-4ea6-9dbd-e9d0b9d72712,Chromakopia,"Tyler, The Creator"
14e7cb24-4a6e-4a55-a692-0f4b4715790c,Don't Wake Me Up,James Hype
,Heartburn,Wafia
8378cc27-1a2c-490f-82a6-2821500f08e4,The After Taste,Kenya Grace
1f2dd59d-b33c-486b-810f-188d360ccc03,Instrumental Relics,Clams Casino
3d2e8df5-b344-4af2-9c41-22f86ae0b033,Let Me Explain,Bryson Tiller
,Champions League Theme,Champions League Orchestra
,The Amazing Spider-Man 2 (The Original Motion Picture Soundtrack),The Neighbourhood
58082754-2ec9-48ae-b30a-7eb16ebcd24e,Good Mourning,Clara La San
,UEFA Champions League Legacy Anthem (Full Version),UEFA
42b8cc7e-01d5-4911-a4e9-a96dbf94cd16,Vivaldi: The Four Seasons,Antonio Vivaldi
,"Nada Como um Dia Após o Outro Dia, Vol. 1 & 2",Racionais MC's
13107da3-3875-4d91-9338-e56e5642d1bd,Stadtaffe,Peter Fox
919e90aa-1c5b-4a03-bb0a-68eaff06566a,Part One,Chase Atlantic
,INCÓMODO,Tito Double P
,Mi Vida En Un Cigarro 2,Junior H
06638016-addb-4638-84f3-2e9b5724e42b,GÉNESIS,Peso Pluma
d01288dc-e769-42cc-8b59-0ed2f1da1d92,Mi Vida Mi Muerte,Neton Vega
,MIRADA,Ivan Cornejo
ab693185-e862-45f6-b0dc-9873d0c1944c,I Love You For All Seasons,The Fuzz
3f86109c-3614-4325-a88d-a4413e212ce0,The Very Best Of The Dramatics,The Dramatics
35df0edb-b8d9-4da3-962c-c675a6e4d7d9,Car Wash,Rose Royce
1e9296c1-dccf-448b-b915-04eea2fe86bc,You'll Lose a Good Thing,Barbara Lynn
780a7b18-8051-4817-bb40-d907a5be3134,Corta Venas,Eslabon Armado
,Meteor,Kenya Grace
,Eh Noiz Ki Tá,MC Hariel
,Sou de Todas,Dj TG Da INESTAN
,Nos Tornamos Estranhos,Sotam
,Minha Vida é Isso,dnovaees
,RITMADA GARDEN KISSES,Zairon
,Vivência,dnovaees
,MÓ CASTIGO,tarisiix
,MEC MEC MTG,Zairon
,Eu Preciso de Grana,Yuri Redicopa
,Lado Oeste,DJ VINI DA ZO
,Svn,Yuri Redicopa
,Escape MTG,Zairon
,"Briga, Briga, Briga",Zaghini
,Sem Chance Pro Erro,dnovaees
,Se Pa Que Ela Tente Mudar,Yuri Redicopa
,RITMADA ANOS 2000,DJ KEVIN.xpj
,OUTRA,tarisiix
,Eu mudei,Zaghini
286fecce-3c83-42f3-85b8-f9a00fba29cc,Nume - Epílogo,Filipe Ret
,Fin de Semana,Oscar Maydon
72cbf6f4-f4ad-44c4-b195-55f1f3893217,Junk,M83
50b51f4b-48ae-4f67-b94b-fe2f1aa87fb9,I.,Cigarettes After Sex
0b87ebcf-216b-4255-9c19-93c12861f173,"Hurry Up, We're Dreaming",M83
,#000000 & #FFFFFF (No DJ Version),The Neighbourhood
640dadc4-616d-4c2e-b432-4a12254ab7fa,"Tu Veneno Mortal, Vol. 2",Eslabon Armado
fdc691fd-1b25-4fc2-926c-ff0526f16ee8,Valerie Simpson,Valerie Simpson
,Californication (Deluxe Edition),Red Hot Chili Peppers
0651b228-5eea-454b-99d5-97b1768ca57c,Loose,Nelly Furtado
0cfe933d-3bfd-3dc3-aadc-79260737935f,Stadium Arcadium,Red Hot Chili Peppers
,Overexposed Track By Track,Maroon 5
b90c2000-5b4a-41b7-82c3-d78a9b63fcb9,For All the Dogs,Drake
441a0b72-1a3b-42bc-af66-99aeff9844cc,R.U.L.E.,Ja Rule
0505de77-01a0-46b5-8710-21c1f6805f5d,The Getaway,Red Hot Chili Peppers
,Ella Baila Sola,Eslabon Armado
,Circles (Deluxe),Mac Miller
,That's Life (feat. Mac Miller & Sia),88-Keys
bf2d8b31-b4f1-4413-a294-247eb0c85127,Buttons,Mac Miller
,Programs,Mac Miller
3b97d26e-275f-41c8-8e7d-e51070449ec8,K.I.D.S.,Mac Miller
,Best Day Ever (5th Anniversary Remastered Edition),Mac Miller
41648b54-714a-42fb-b7a7-d2e81c26d096,Macadelic,Mac Miller
2488e0ce-7a41-46a2-b1dc-a3fefe38b7d0,Free Nationals,Free Nationals
15c5738e-340f-450b-a79b-c5c7b155e53c,Yours Truly,Ariana Grande
58dbc2a3-d37f-464a-8144-2d54cb738424,Blue Slide Park,Mac Miller
acd8a968-bd62-4b03-8f0d-539e0490ae4f,"I Love Life, Thank You",Mac Miller
07e92711-51fe-4e80-97a3-be995b7f4119,The Infamous,Mobb Deep
64abe96b-cfad-370b-8731-6e737fcc9222,Pain Is Love,Ja Rule
37d89c1e-4f78-4116-ae56-48ee06b8f64b,Me Against the World,2Pac
,The Virgin Suicides (Original Motion Picture Score),Air
03fb2f5a-6388-3dd9-a182-a66b9759d928,Louder Than Bombs,The Smiths
1877489f-c305-4939-b626-505f316e7c12,Rumours (Super Deluxe),Fleetwood Mac
,Reading Writing And Arithmetic,The Sundays
20a7bedb-ff1e-3713-a55e-390f43180824,She Hangs Brightly,Mazzy Star
05eae5e7-c7f0-4ca2-8b0e-2be4f4506983,Hatful of Hollow,The Smiths
662dd19f-07ce-4a5d-b122-80129eebf9d4,The First Family of Soul: The Best of The Five Stairsteps,The Five Stairsteps
0fcc367d-af66-49ee-b7b0-8351a91e04c0,The Queen Is Dead,The Smiths
2a5e79b7-95fd-4ad0-965d-948c3204ea54,The Jaws of Life,Pierce the Veil
139834b5-ab4f-40d2-9af7-4b186e14fe3c,The Big Picture,Big L
,Most Known Unknown (Explicit),Three 6 Mafia
1137b722-521f-4661-b411-a3efae948c16,Lovers Rock,Sade
,Volume Two,Gotts Street Park
02b7bfb3-978a-4165-9d00-5494a1fe301b,Coastal Grooves,Blood Orange
0c68495e-485d-4976-bb85-438249649d08,Cigarettes After Sex,Cigarettes After Sex
127f403d-1244-491a-8d79-e422148a2a6c,Melankton,Kate Havnevik
,On The Inside,Gotts Street Park
,24 Songs,Void
2663e618-fab2-4e38-9fef-6e9d6a40d659,Montage Of Heck: The Home Recordings,Kurt Cobain
00a0179e-960f-47d1-8795-5e1568126750,The Smiths,The Smiths
,(What's the Story) Morning Glory? [Remastered],Oasis
1e1ea80c-4e62-4d68-b3f5-464ae29b4c67,LIFE'S A TRIP,Diplo
00748c61-e80e-4e63-aa3d-6d9fc13efa3e,Cry,The Sundays
9c5a6a5f-ec6e-4ab3-a183-a332bc9e6a01,WITHERED,d4vd
5f55c6fd-4035-4287-a5ed-1c3a3dfb0fef,Red Moon in Venus,Kali Uchis
,Mexico and Mariachis,Antonio Banderas
,Los Cuadros,Peso Pluma
,Show Me Love (feat. Miguel) [Live],Alicia Keys
,ONDEADO$,Calle 24
,Morena (Remix),Neton Vega
2337ea07-576a-368a-ba18-6ce519d46652,San Francisco Days,Chris Isaak
281ee54a-6554-417d-b35d-6aa2079739a2,Goodbye,The Sundays
00946eac-75d5-3a44-ba92-735cc38583bb,Moon Safari,Air
,Alma de Guitarra,Antonio Banderas
,Posada de H Records VIP Vol. 1 (En Vivo),Alta Consigna
,Nostalgia,Eslabon Armado
3caf33d9-c25e-473b-bf99-9fd9f61a5780,Mi Nuevo Yo,Natanael Cano
,Cruisin' with Junior H,Junior H
,Meddle About,Chase Atlantic
24c99b7d-b243-450d-8477-46dfd4a8bfa3,Bloom,Beach House
0bd1e9ba-3bea-458c-9a18-98bfee02bd16,D>E>A>T>H>M>E>T>A>L,Panchiko
04ffa6bb-db29-4243-9c71-b32b79c9b0ec,Blue Banisters,Lana Del Rey
,Éxodo,Peso Pluma
f9022351-ca27-4595-b5a5-ac6ff6dbd71b,Desvelado,Eslabon Armado
,"Rico o Muerto, Vol. 1",Oscar Maydon
,MAÑANA SERÁ BONITO (BICHOTA SEASON),KAROL G
,Solo Me Dejaste,Grupo Marca Registrada
,Una Linda Mujer,Nivel
,Jimmy Humilde Presenta Lo Mejor De Las Calles Edición Mexico,Junior H
1c426158-2da6-4ffa-93ff-02e67241ed23,Rosones,Tito Double P
,Vibras de Noche,Eslabon Armado
,Memorias <3,emmanuellcortess_
,$ad Boyz 4 Life,Junior H
,Pacas Verdes (feat. Ovi),Natanael Cano
,Por las Noches,Peso Pluma
,Nata Montana,Natanael Cano
,Todo a Su Tiempo,Neton Vega
,Dañado,Ivan Cornejo
,MUSICA <3,Junior H
,Cascade,Turkish Delight
,Floating in Reverie,Moayad Aljabal
,delusion,WOEST
0463a132-b89b-4fcb-8ae4-1ebf94df1088,Departure Songs,We Lost the Sea
,The sun will rise again like nothing's wrong.,We are not friends
dd92c6db-39be-4cc1-a71b-c3242fe9c0a4,Little Victories,Krobak
,Muitas Vezes Mais... Vol. 1: Relicário,Família Madá
,Jealous Ones Still Envy (J.O.S.E),Fat Joe
,Worst In Us,d3puu
,Bonjour,KayBlack
,Drip da Roça,REID
,previas.zip,Teto
,Sem Dó,Matuê
,Sereia,Orochi
,My Love For You (Yebba's Heartbreak),Marten Lou
,Fractures,Anderholm
,Opposite Minds,Nico Morano
,World of Sound,Alessandro Pierozzi
,This Time / Ray,Avoure
,Aurora,Andfølk
,Unity Pt. 3,Jan Blomqvist
,Folding,Anderholm
1c9f809e-5a35-45a7-9f67-fb5648a8d033,The Diary of Alicia Keys,Alicia Keys
0c5ca3ff-3c17-486f-b093-b05b04d14ff9,The Summer That Saved Me,Odeal
,Save Me,Marten Lou
07fa21fa-235b-4ead-8466-daf8a42899d8,Sweet Boy,Malcolm Todd
e142765a-1fb3-4980-90b5-2b39044eb01f,you seem pretty sad for a girl so in love,Olivia Rodrigo
1084940c-a187-4d9c-9fd0-ce9ce951ab2e,111XPANTIA,Fuerza Regida
,MALA MÍA,Fuerza Regida
,Tuyo (Narcos Theme) [A Netflix Original Series Soundtrack],Rodrigo Amarante
,Tuyo (Narcos Theme) [Extended Version] [A Netflix Original Series Soundtrack],Rodrigo Amarante
8a4d2d6c-4d0a-46ea-b909-ae95b9038fac,Say Hello EP,Enamour
e9d9fb17-2946-43ac-81b8-95bb1855e807,Perfect Mistakes,Tinlicker
a343a59a-7ab5-47a6-a8d2-7835cd608784,Rwanda,Angara
6b57e7c9-74de-4aa1-bb60-887e3d0809ae,This Is Not Our Universe,Tinlicker
15657b2a-8635-37e1-981d-12ec8c852ca3,American VI: Ain't No Grave,Johnny Cash
,Relógio,Jovem Dex
2c0246ac-0249-4f84-bb19-2470191ab5cf,Orquídeas,Kali Uchis
,Amor Vem Cá,Armandinho
07ff5c78-44ca-45b1-944e-e2723ce4d87e,Dangerously in Love,Beyoncé
0d37adec-7b11-4f90-9af4-f90f9a6dc253,B'Day,Beyoncé
84faff44-4c23-4ac5-bafb-47e2929ddb60,"Take Me Home, Country Roads",Lana Del Rey
028388ff-2e86-4a86-ae46-9258fb3facbe,The Dutchess,Fergie
,#01 Rei de Copas,Geral do Grêmio Oficial
,"Diamantes, Lágrimas e Rostos para Esquecer",BK
,No Piscar dos Olhos,Febre90s
,DON'T TAP THE GLASS,"Tyler, The Creator"
,Before I Self-Destruct,50 Cent
00ee7631-ec86-444c-a973-4308f11f7a06,Because of You,Ne-Yo
6b4de8a2-42f3-4c9f-9f14-464150666169,In My Own Words,Ne-Yo
149358d8-366e-4112-a339-f5a4d3456122,Let Me Love You,Mario
,Imaterial (Deluxe),Filipe Ret
,Anos Luz,Matuê
,Cartier Santos Dumont,Febre90s
,Autodomínio,pumapjl
5762e8ac-3140-4503-a52b-af3b06bc5821,act iii: on god? (she like),4batz
2005f2d6-eed5-4b32-9f0b-02df7ec6d99f,MORAL,Avenoir
ef86eb0f-e557-45ee-b46b-777399d48bd4,Everybody Dies,J. Cole
,BUSY,TEC
,SORRY IN ADVANCE,Jden Ray
,TWENTYONE TAPES,Jden Ray
,Be Free,J. Cole
6603751a-c7f7-42b2-b0a1-f440e93e3bee,Too Much,Avenoir
b178a896-d24f-4c47-85be-41c5e9b7af08,Jackman.,Jack Harlow
,What Kind of Love,Childish Gambino
,Apollo,Maz B
,No One Noticed (Extended),The Marías
,F Song & Mrs Magic (Strings Versions),Strawberry Guy
afea971b-c6ed-4ff8-9552-b47b8569c751,Naked All The Time,Sports
a73067b2-3c56-42dd-9671-2077417ddcca,I Barely Know Her,sombr
b604d350-dde9-43c2-abae-49a16ce1fe3a,Crystal Castles (II),Crystal Castles
14606a48-cfae-4b4f-8e8c-3b80fa736e13,One Wayne G,Mac DeMarco
,Boomzim,Matuê
,Rap É Compromisso (Edição Comemorativa),Sabotage
,Cheiro do Verde,Febre90s
,Raio X do Brasil,Racionais MC's
,Contorno,pumapjl
,Rbn,Matuê
,Malandro Demais Vira Bicho,Febre90s
,Mun Rá (Edição Comemorativa),Sabotage
,Night Drive,Hxnry
,LIE / LOSE YOU,Void
92236f8b-9327-487a-933e-71a3acf3460b,HARDSTONE PSYCHO,Don Toliver
101f993f-d5e1-3f14-b40b-71850f1f435a,Crystal Castles,Crystal Castles
,ANARCHY,Void
00a2aacb-0110-4723-a019-96ccbb7341b8,Heaven or Hell,Don Toliver
114356f9-333f-45f3-898d-00106f3aee45,Rodeo,Travi$ Scott
,Acting Like,Tory Lanez
141832c3-de98-4c4d-bcd7-1733b9141ba7,Yeezus,Kanye West
5f8ab235-4dfd-41b3-8323-723d3a9939e4,Black Metal,Dean Blunt
cdd696ea-ba32-4520-822e-b4daf6572f9e,CINEMA,The Marías
b4fcdb2f-4184-499b-a3a8-85a827fe1624,"Superclean, Vol. II",The Marías
15e32d00-a602-4513-b46f-37c940270636,Submarine,The Marías
,dance with me,LucidBeatz
,Estouração Automotiva,Mc Magrinho
,Braba No Chá,DJ Cz
86e0a607-bbf7-4350-b074-e4a879449572,Mãe Solteira,DG e Batidão Stronda
,Paradise - EP,Chase Atlantic
,Com os neurônios Evoluidos,ConeCrewDiretoria
f1126f6c-e1ff-41c2-beb0-85523a924855,Art of War,Avenoir
14310773-a67d-496e-b7af-be60a13f652e,You Gotta Go There to Come Back,Stereophonics
0270cde6-6b5b-31fa-b04b-d8b68ff612d4,"For Emma, Forever Ago",Bon Iver
083305cf-1772-4db5-b10a-fb363c7e600b,Ghost Stories,Coldplay
08697ff5-4d82-454b-ac33-3cb8d8b22100,As Cruel as School Children,Gym Class Heroes
09cec8c8-4969-4fc6-9534-8238b4af2d22,The Papercut Chronicles II,Gym Class Heroes
19098dda-2bab-4f9e-ba77-03a151ea997e,The Papercut Chronicles,Gym Class Heroes
1007498c-9856-4351-88fb-78a4d678a545,19,Adele
,Unapologetic (Edited Version),Rihanna
205a4467-3eab-4884-a6db-35bfd8a5529a,Changes,Charles Bradley
,Like We Wrote,Lithe
,Siamese Dream (Deluxe Edition),The Smashing Pumpkins
07708c6b-b179-37f3-ae30-96d1482d8c44,Blind,The Sundays
2a69b7f2-5373-47fe-8ec3-d80571117c41,Summer Pack,Childish Gambino
,Hold Out,Lithe
,Fall Back / Selfish Game,Lithe
,Lift Me Up,Silver Panda
,COME OUTSIDE,Bryson Tiller
,Pessimist,Lithe
,Purple (Lost Tapes 2022),Tory Lanez
,Higher Low,Jan Blomqvist
33facb86-9497-4e18-ba5a-11dc04fa2943,Name My Price,Lithe
01bc4494-f1e2-451c-8e84-ccb080f86c88,Tha Carter V,Lil Wayne
,deep in it,Berlioz
75fdd072-170b-4edf-b01b-b78908549423,Seems Like,Thee Sinseers
,"Quiet, The Winter Harbor",Mazzy Star
ef02085e-2d20-4d94-8b19-d285734ce751,want you,Clara La San
79b3a649-ebb5-4aef-984d-bb181e3ff200,The Sun's Tirade,Isaiah Rashad
,BEYONCÉ [Platinum Edition],Beyoncé
,Come Home the Kids Miss You,Jack Harlow
,The Number of the Beast (2015 remaster),Iron Maiden
,Fear Of The Dark (2015 Remaster),Iron Maiden
,Piece of Mind (2015 Remaster),Iron Maiden
3a9a4bec-0e4b-40b8-8c59-40b00e4321f6,Sinatra/Jobim: The Complete Reprise Recordings,Antônio Carlos Jobim
33da679a-baab-4533-b6d3-a75c8e672037,Don't Play That Song,Ben E. King
428bf15e-9679-4ac7-bad1-2dc5f3e0d284,That's Life,Frank Sinatra
2e19af78-6d9b-4949-94e5-98c3a9a347a0,Songs for Young Lovers,Frank Sinatra
09e33983-d27b-4566-8956-50562a105f5a,Presenting the Fabulous Ronettes Featuring Veronica,The Ronettes
1535079b-be0c-4c09-977e-b6b72fec2550,Let's Stay Together,Al Green
2d3fec05-8482-483b-8b39-1bdb11df76da,The Singles Plus,The Animals
,Strangers in the Night (Expanded Edition),Frank Sinatra
,By the Way (Deluxe Edition),Red Hot Chili Peppers
25da871f-ca88-4076-92d4-fe4161c361ba,Slowdive,Slowdive
,In Through The Out Door (Remaster),Led Zeppelin
016516a6-c0bc-4636-b325-ec7db777458b,Led Zeppelin,Led Zeppelin
03d18095-53f4-41a6-b037-1fe910d88c08,Facelift,Alice in Chains
09b4555d-f228-473f-b6d0-e059f3ee2440,Vol. 4,Black Sabbath
e83ad027-db6b-4dc8-aaa5-866a00d1e17f,Dirt (2022 Remaster),Alice in Chains
,Natiruts Reggae Brasil (Ao Vivo) [Deluxe],Natiruts
,Ao Vivo Em São Paulo,Maneva
338fe567-1906-4429-9ee9-7e4b207dacf4,Casinha,Armandinho
12752ada-1093-442f-a9ae-c2623c4fcde3,Something Else,The Cranberries
072b83ba-8238-4c89-9f19-24f991528a6a,Fleetwood Mac,Fleetwood Mac
011cbe60-981f-42bd-b5f1-034a277a6962,An Innocent Man,Billy Joel
07f03099-1d5d-4ba3-a833-244617c36335,The Gifted,Wale
,Bonde Da Madrugada Pt. 1,ConeCrewDiretoria
,The Non Conforming,CK The Spitta
b6a092eb-5dde-43da-b584-9eff3c8df136,803Mayjor Vol. 2,Aaron May
,MEET ME ON WOODWARD TOO,Moschino Jones
,Nunca Tem Fim (Standard),O Rappa
8d251b49-82c6-48c1-93ab-da23ea114475,Lado B Lado A,O Rappa
,Sim (Deluxe),Vanessa da Mata
e16dddd8-44c7-404e-ba52-ad2885d04d0c,Pra Você,Onze:20
,Rappa-Mundi,O Rappa
,Essa Boneca Tem Manual (Com Faixa Bônus),Vanessa da Mata
,Roda de Samba do Casuarina e Convidados,Casuarina
7dd7603d-47e7-48ae-ae57-e93aa1626343,Várias Queixas,Gilsons
,Trying Too Hard (Lullaby),Noah Yorke
,Flying Fish,dog silent
,Darkness,SWEET SPINE
,The Man with the Iron Fists (Original Motion Picture Soundtrack),Kanye West
,"Henrique & Diego ""Ao Vivo em Campo Grande""",Henrique & Diego
,Ilusão,Filipe Ret
,WE STILL DON'T TRUST YOU,Future
,MORTAL KOMBAT,4batz
,Virtual Lover - EP,Jr. Hi
ab39c7ae-221c-4877-96b1-728aa18bdeb0,X's,Cigarettes After Sex
,Alone,Avenoir
050ccf72-ce0d-40ab-b934-3c586e05f8c1,Audioslave,Audioslave
2c80ce6d-a9de-4dac-8d2c-69b1df44c9c0,The Age of Adz,Sufjan Stevens
,Closer,SUNDAZER
fc17e895-ad7f-447c-8d3a-55fb6787d7e0,The Queen Is Dead (Deluxe Edition),The Smiths
11b2990a-bde1-4eec-8248-9502ff30132f,Ours Is Chrome,Superheaven
384501d7-6110-406a-9d11-e04a9e81b044,Fake Plastic Trees,Radiohead
047f164f-9850-4ec8-9df7-27884be1e8f1,Eyes Open,Snow Patrol
,Everything Changes (Amnesty International Benefit) - EP,SOJA
43367358-fed9-4518-86be-c157676fea91,back to friends,sombr
5c232a03-9c9f-486f-a67f-20965179e1f1,Born In Babylon,SOJA
02cc332c-5719-4c6d-969c-d8a23ba0b3df,Use Your Illusion I,Guns N' Roses
4eff4ed2-91c2-435e-95f5-fee99b40deb7,How To Re-Assemble An Atomic Bomb,U2
,The Joshua Tree (Super Deluxe),U2
037d66f7-a5d7-3f09-b5d2-7eca3901bdc2,All That You Can't Leave Behind,U2
,The Unforgettable Fire (Deluxe Edition Remastered),U2
,War (Remastered),U2
0ff822f3-5834-482f-a520-519b11ecffb3,Achtung Baby (Deluxe Edition),U2
ae15b09d-01de-4fee-8c7f-cca596cf0f2d,Dawn,RY X
,Montage of Heck: The Home Recordings (Deluxe Soundtrack),Kurt Cobain
7cbc602d-a2e8-47f6-80f3-b1689c17fa7e,Where's My Love,SYML
,Mechanical Bull (Expanded Edition),Kings of Leon
1acfd31a-8b0d-47f0-b6d1-a9e8c64c272b,Mystery of Love,Sufjan Stevens
00e79a61-3afe-4e52-a9c2-10b8c634fb12,Songs About Jane,Maroon 5
019f547c-8d6b-4865-a2da-f73a4568c18b,Cheese,Stromae
7538d482-f73e-42c4-9980-3b6da21838eb,my mind is a mountain,Deftones
386bc05f-373a-47cc-b10f-54a9b9ea65f8,Amir,Tamino
,Morphosis,Morpheus
,Basement beds,SYML
,Live at Ancienne Belgique,Tamino
9a531a51-d5e8-4f4e-be7c-d8a9b4ba4523,Meryem,Meryem Aboulouafa
c8fa9334-bf35-426a-82a5-a681b02ef4a8,Unfurl,RY X
,Burning in Paris,Morpheus
,Raymond v Raymond (Expanded Edition),Usher
0143fffb-8e50-4ba9-979e-f04986a6cb5e,One More Love,David Guetta
2f038356-495b-45f3-9f4f-ba80fae899dd,Stereo Love,Edward Maya
32cd5caf-ff95-4d9f-a0e9-84da4c779d1c,Motion,Calvin Harris
,Nothing But The Beat (Ultimate Edition),David Guetta
,Still Here: 1967-1973,The Notations
,Melhor Só,KayBlack
,Then Play On (2013 Remaster; Expanded Edition),Fleetwood Mac
0bf00c15-8b27-477f-8ee0-e229f9622143,Turn Blue,The Black Keys
7f6d2f58-1655-4365-aa09-2a7e61a6ae52,Maior Que O Tempo,Teto
,Discreto,KayBlack
,Second Helping (Expanded Edition),Lynyrd Skynyrd
,De Love,1Kilo
,O Que O Igor Guilherme Anda Pensando ?,Mc IG
,Deixa Escondido - Sarra no Pentão,Dj Paulin
17674a7a-35f4-4c7c-9492-5733c2b7dd96,SPIT IN MY FACE!,ThxSoMch
,Manual De Como Amar Errado,WIU
,In The Dark,Vintage Culture
,K-POP,Travis Scott
4d230016-848c-4157-9d07-4862e52c19b1,Ugly is Beautiful,Oliver Tree
49a6bc31-e5a5-4f08-8a42-27bd6f26a00e,Delirious,Anderholm
,Voice Of Silence,Cristoph
,Twisted,Kaz James
,Kaleidoscope Colours,Jan Blomqvist
,The Chase (Remixes),Emmit Fenn
2900d42b-17a7-4220-846f-4d1ec8f9a911,Lustropolis,Odeal
f614458a-f30c-456f-a629-034628f62c73,The Last Goodbye Remixes N°.2,ODESZA
9683a20e-a4e7-4054-a73a-7bc53db24c93,MEMO,CamelPhat
c5cf17ef-2ab3-488c-9d56-e4693ed16f0b,Soon You'll Be Gone,Tinlicker
,Licor 43,KayBlack
,Come With Me,Carola
,Bicho Solto,DJ Matt D
2285c984-da40-46e7-bdff-61d6146c2448,So High,Doja Cat
015a5c77-a905-4957-820c-48cc22e2f36d,Covers,Deftones
,Maturidade,KayBlack
,Side Effects EP,Chris Travis
,Jackie B,&friends
,Gorah,Nitefreak
022b20c9-123d-4f2f-8fb3-6bb23f0fa6c6,Worlds Apart,Ash
,It's Not Right,Gianni Romano
,Hit the Ground,Texture
7e4e0b3f-c951-45c6-84a2-dc50ceedd201,96 Months,Calvin Harris
,Your Body,Marten Lou
,No Recognition,Aaron May
,Shades Of Love,millkzy
,tony soprano.,Brent Faiyaz
a7d3b497-d809-49f3-abf5-f7af9e0e445c,Another One,Mac DeMarco
,"December 1, 2023",GRiFF!
,Pronounced' Leh-'Nerd 'Skin-'Nerd,Lynyrd Skynyrd
,"September 1, 2023",GRiFF!
,FOR TWO,Jden Ray
32a50bd7-746e-46af-87e0-7863ef83e6f7,EVER SINCE SHEFFIELD,millkzy
03915773-c371-4de1-abfd-7513eb6f5a5a,AN AUTHOR'S DEMISE,millkzy
,from chi to saint mary,millkzy
,Invite Me,Brent Faiyaz
,4 (Expanded),Foreigner
,Nós,Ale Sater
,Twilight Original Motion Picture Soundtrack (International Special Edition),Paramore
5cc5f3b1-89f9-4953-ab1d-1ace070e4c3e,Ballads & Blues 1982-1994,Gary Moore
,B-Sides & Rarities,Deftones
,Gorgeous (feat. Naila),Ash
,Terapia,MC Kevin
,I AM...SASHA FIERCE,Beyoncé
,Epiphany (Expanded Edition),T-Pain
d2c47b50-31ed-43f5-86d1-6ecb544d0ebc,End of Summer,Tame Impala
0a4207a5-aaa3-4466-af1e-824efbadb8a5,Rated R,Rihanna
,Nuthin' Fancy (Expanded Edition),Lynyrd Skynyrd
7145e249-4203-4d06-ab4a-914e91548dcc,The Truth,La Rocca
,It Makes You Forget (Itgehane),Peggy Gou
013ab8ae-228a-40da-be26-517292cc24c8,Say You Will,Fleetwood Mac
347d9365-927d-4404-a0d7-65e4916e464e,The Heart Wants What It Wants,Selena Gomez
,Frank (Deluxe Edition),Amy Winehouse
5f299024-0ab1-47df-8c2c-4a495e4b7d5c,You're All I Want,Cigarettes After Sex
29bce594-2ced-417c-9a0c-0a986bd5b39e,Always Got Tonight,Chris Isaak
e4aa9fa7-29af-40ed-82c8-9f1f19960ed9,Affection,Cigarettes After Sex
,Wish I Never Met You,Jacob Vallen
6e97d208-ab31-4038-8ecd-24e910f74b9e,Lady Of Namek,Tory Lanez
84b8b847-e515-484e-b0de-3b2bf9aae689,Brutally,Suki Waterhouse
ad0490a2-d445-43ae-b8fb-8d95a5d4b9f9,Pistol,Cigarettes After Sex
0aa8dda9-d801-4b75-8188-2cf3211a8682,The Love Club EP,Lorde
c40bdd56-3b99-42a8-9523-d53959c4d5d7,Euphoria (Original Score from the HBO Series),Labrinth
,Jumpsuit,Twenty One Pilots
0e46aa43-75b9-4792-9424-d091afa5f93b,R U Mine?,Arctic Monkeys
,A 20 Something Fuck,Two Feet
,Afraid,The Neighbourhood
,Scorpio,Adi Medici
37f30c11-3eb1-426a-bfab-ab46a0dc1880,Do I Wanna Know?,Arctic Monkeys
1d3fe3a1-8eba-419b-acd7-83ccd56250d5,My Blood,Twenty One Pilots
4856d619-0e45-43c1-b416-be12c9b2b8ee,WHEN I WAS OLDER (Music Inspired By The Film ROMA),Billie Eilish
,"If Young Metro Don’t Trust You, I’m Gon’ Shoot You",Yusuf Can Tuna
97c54010-7eba-4cd0-b400-cc8c0d29b841,The House is Burning,Isaiah Rashad
02bb436d-7a4e-4ec4-8e95-b492705a4070,Love at First Sting,Scorpions
,Led Zeppelin IV (Deluxe Edition),Led Zeppelin
,Pronounced 'Leh-'Nérd 'Skin-'Nérd (Expanded Edition),Lynyrd Skynyrd
,My Love,Route 94
,Só Explosão,Mc IG
,Ninguém Tá Puro!,Mc IG
,Know-It-All (Deluxe),Alessia Cara
1ff9a079-7512-4b64-b7d4-3896d91cf867,Get There,bôa
,No Need to Argue (The Complete Sessions 1994-1995),The Cranberries
98684e05-635a-41c2-a3b2-7dc99568064c,Olhos De Farol,Ney Matogrosso
4905716f-843a-4f44-9794-08a84def08f8,Marina Lima,Marina Lima
,Negro Swan,Blood Orange
4ce5ac76-b0c6-4ad3-a920-42d22f022fb4,Flamingo Serenade,The Flamingos
0151c171-0c25-3160-8e46-26b6b59b878b,Ritchie Valens,Ritchie Valens
,ICARUS,BK
561c8bbe-26f6-4232-93a7-735186b34456,SWAG,Justin Bieber
,Sinatra/Basie: The Complete Reprise Studio Recordings,Frank Sinatra
9383afca-d1f7-4b78-9b3f-20b038731bb2,Wave Your Moonlight Hat for the Snowfall Train,You'll Never Get to Heaven
3e274b48-1e88-4af5-a777-4f614ed3bba8,misery,EKKSTACY
1aad3933-6f4a-48fc-93b7-6a269d42e37c,Revenge of the Dreamers II,Omen
8f3b7adf-0262-4da0-b0dc-7d4284bde15c,Cru,Liniker e os Caramelows
283e6068-9e3d-4dd6-823b-5b481f437298,Vanessa da Mata,Vanessa da Mata
ff0e48f3-83f6-4923-b5fa-a3c39f484da4,CHASE,Aaron May
,"Live in Tokyo, Japan '99",Ms. Lauryn Hill
1296e39a-8982-42cf-9df7-1b8f14a17b3c,JACKBOYS 2,Travis Scott
1296e39a-8982-42cf-9df7-1b8f14a17b3c,JACKBOYS 2,Don Toliver
1296e39a-8982-42cf-9df7-1b8f14a17b3c,JACKBOYS 2,SoFaygo
,Metallica (Remastered Deluxe Box Set),Metallica
05cbf593-1d17-4d53-9f50-b96de15005f2,Get a Grip,Aerosmith
,...But Seriously (Deluxe Edition),Phil Collins
0deebcf9-7440-4268-8502-1d89eaabe272,Crazy World,Scorpions
,Não Fosse Tão Tarde,Lou Garcia
6b21d0c4-317b-4b22-a0e8-f1d63a50fe85,Earthstar Mountain,Hannah Cohen
3ebeaa27-f0ae-468d-bfdc-1f3d39f4e2ec,undressed,sombr
0ab2ffe7-9e67-4888-87bb-89c11c2057da,Milk & Kisses,Cocteau Twins
,No Flockin',Kodak Black
50461fda-8fbc-4f4c-9bb9-dbd060ed381c,peter pan.,Brent Faiyaz
,DENTRO DA HILUX,Luan Pereira
1296e39a-8982-42cf-9df7-1b8f14a17b3c,JACKBOYS 2,Sheck Wes
f26255d7-91b7-4bb4-a05d-72d67d559a6f,reputation Stadium Tour Surprise Song Playlist,ZAYN
17e2d704-6ee3-45ad-a494-d92b1d13abcc,Queen of the Clouds,Tove Lo
2ce5a108-3c12-4427-81dd-b4b785faef90,New Eyes,Clean Bandit
cbe3a030-ed4f-4d70-a812-dac35f64257d,Shelly 2,Shelly
151d2e60-8dad-4934-a8a3-6cccbd2f5d31,Heaven or Las Vegas,Cocteau Twins
a5024b94-603b-47bb-9972-6c764bd9ec80,Lifetime,Erika de Casier
,Dark Red,Steve Lacy
a353d668-3cb9-4f7c-bce3-f016df3ab0a9,Back To Me,The Marías
561c8bbe-26f6-4232-93a7-735186b34456,SWAG,Marvin Winans
04f9c755-ccee-4528-ad6f-5dc547990809,Offering,Cults
2c95ff49-9695-4fc8-9fb2-bd985800c7f9,Show Me How,Men I Trust
,"Superclean, Vol. I",The Marías
06c84cc3-83e8-4306-9e7f-4bb482003b43,Faye Webster,Faye Webster
,Chill Your Mind,Lana Del Rey
cadc24ac-d66c-48e6-abcf-2f2bc3dde722,Static,Cults
,You got time and I got money,SMERZ
851175a0-9455-44d4-8004-3a7dca08ffbc,Equus Asinus,Men I Trust
6c7ce931-0803-42da-aa80-e9d9e9b5ddf5,Run,Fine
2080a516-8f85-4e5b-a6ca-76edaa9a5784,Street Survivors,Lynyrd Skynyrd
,Still EP,Mazzy Star
085f4fe6-97a4-4e7f-b88c-5225370f153d,Seasons of Your Day,Mazzy Star
5f0e3703-9f59-4291-8fc6-a80e8232c891,Memoir of a Sparklemuffin,Suki Waterhouse
893bb56c-804a-4573-9598-754aa63e2a1a,Sacred Ground,Howling
121ca0a3-cbe7-4334-abdf-9f4b8f5c042a,JMSN,JMSN
6ed25a3d-6d9e-4ff2-b164-180608b8569b,Who Really Cares,TV Girl
2c193c6c-ee6a-456e-a5ad-8df250c0abdd,Pull the Sours Out - EP,Dirty Sanchez 47
,La Maquina,Conway the Machine
,Continuance,Curren$y
,Bo Jackson,Boldy James
119df7d9-dcfe-4f11-b0ce-c73cab722675,For All the Dogs Scary Hours Edition,Drake
4f6287c7-5322-4627-b071-675ee24235a0,There You Have It,Reason
3d1fcc4b-f282-43df-adc8-299363c80ffc,Pilot Talk: Trilogy,Curren$y
7bb83ee2-6b21-4f2f-ab59-d02b50cf7ca2,Reject 2,Conway the Machine
ed3c1c36-2c5c-4bc4-b675-c8ad891246e2,consofbeingthenarrator,millkzy
57870f5c-0de4-4b26-93ff-0541bd743ed0,Fetti,Curren$y
,Bread,The Alchemist
9938dfd7-b9a6-4956-b9f9-9984a60b832d,Memories Don't Die,Tory Lanez
,Covert Coup,Curren$y
,Alfredo,Freddie Gibbs
0c0285b8-f0e9-44f1-9afc-d31186db9f2a,DYING TO LIVE,Kodak Black
,Lunch Meat,The Alchemist
a53a6689-0ea1-4ff1-8124-c8fcf7a324b1,Pandora,Wisp
22f57350-b678-491f-bcdc-21bb0aec58c3,If That Makes Sense,Spacey Jane
4103eccb-65d6-4e95-b283-31e28f5718a4,Shelly,LP
36e548ac-d5ed-4d9a-aec8-e611bc34249b,Dreams Worth More Than Money,Meek Mill
122f87ec-3128-4ff9-8b9e-4c9b7f192ba4,Mr. Davis,Gucci Mane
,Dior,Bin
,INVEJOSO,Distrito 23
,COLAPSO GLOBAL,Teto
,Carry On (EarthLife Remix),Jan Blomqvist
,Alone (feat. FEMME),Cristoph
21caf0fd-a6a0-4c9d-933f-060451c0afc4,Disconnected,Jan Blomqvist
907c6e72-0c72-496c-b1e2-cfca7b63236f,take me back,HAIM
bd6ae41a-a4fa-42b2-ba83-00c734b43458,My Love,Hannah Jadagu
,GEEZER,Kevin Abstract
11e0ccb8-1380-4d13-b865-e6e209af2404,we never dated,sombr
,Dizzy Up the Girl,Goo Goo Dolls
af6d85df-5d6f-4529-9dca-15e3ac17b5eb,Beleza. Mas Agora a Gente Faz o Que com Isso?,Rubel
,Fantasmas,Ale Sater
74442e2f-dcf8-4cc4-9709-f62dc8eaad6a,Se o Tempo Passa,Armandinho
0151befb-0adf-4b0c-a142-4af36c3c3cd0,SOUR,Olivia Rodrigo
77fd947a-cbda-4d09-93b4-6753ab5e7a3c,Banda do Mar,Banda do Mar
24f1473c-f653-4be8-abf3-f8236306e175,Admirável Chip Novo,Pitty
4283acb0-be58-4ee6-89bd-c96efa3aaf27,Eu Venci O Mundo,Veigh
,senses,april27
,Pode Vir Comigo,Phill Veras
,O Rappa - Acústico Oficina Francisco Brennand (Deluxe) [Ao Vivo],O Rappa
,O Silêncio Que Precede O Esporro,O Rappa
4434fbe9-38dd-4838-b327-c7211d6992f8,Home,Mac DeMarco
,Blood Moon,RY X
,Fullgás,Marina Lima
15952108-93aa-4b77-8dc2-2344c6e5923d,Scary Hours 2,Drake
c0552cba-ba32-447e-ba82-807ddc7f26ba,Amor Pra Recomeçar,Frejat
,Love in the Future (Expanded Edition),John Legend
08ffff44-2226-4f39-9fb7-559bf30d1729,Mylo Xyloto,Coldplay
fccab1be-d6b2-4eca-a4ff-513bd01f0d47,Life of a Ghost,Blue Foundation
2bc3bbdb-a5de-4ad7-9bcc-46d6e20d62a8,Illmatic,Nas
,Songs Of Innocence (Deluxe),U2
1c6fff77-ce64-31a0-adcc-722e2d0ddbfe,Conditions,The Temper Trap
,Tell Me It's Real (Expanded Edition),Seafret
,Honky Chateau,Elton John
,Deixe Me Ir (feat. Pablo Martins) [Acústico 1Kilo],1Kilo
,Hip Hop Rare,L7NNON
,O Tempo Nao Pára - Cazuza Ao Vivo,Cazuza
d325a894-2df2-4ed9-9230-dfdf0c54ae24,Los Hermanos,Los Hermanos
,Anacrônico (Deluxe Edition),Pitty
,Pra Gente Acordar,Gilsons
298f1958-dab3-4d1d-b814-b9d870e9166f,Raise Vibration,Lenny Kravitz
044ef3c8-6b25-4fac-8f88-5c982df90a72,Hot Fuss,The Killers
,Devagarinho,Gilsons
,COR,Anavitória
,HIM ALL ALONG,Gunna
022db5bc-65d4-47d4-adff-b5a3e853657e,"All I Want (From ""High School Musical: The Musical: The Series"")",Olivia Rodrigo
2aad34ef-9b82-4870-8a82-7cbd395c513a,Ambition,Wale
2b222451-855f-45d2-af54-045d7d7af87e,Break the Cycle,Staind
82d7d037-8404-453c-9cd0-994bfa2ed67e,Salad Days Demos,Mac DeMarco
a039fd02-bfde-486e-b10a-77a66a02d17d,Como. Sempre Feito. Nunca (Ao Vivo),Jorge & Mateus
66cbd461-5417-4432-a9ed-6f846439f3b7,Ao Vivo No Ibirapuera,Henrique & Juliano
,Terra Sem CEP (Ao Vivo),Jorge & Mateus
f120fc05-d69b-4adb-a85f-710b417b715b,I Can't Let Go,Suki Waterhouse
,Born to Die – Paradise Edition (Special Version),Lana Del Rey
,Inferno,Saint Avangeline
,Black Lamb,Saint Avangeline
0dfc7609-3602-47c7-b098-4e15e4081081,Strange Desire,Barrie-James
0babe4df-0f12-4d85-82c4-7e34e4f9cab3,The Lockdown Sessions,Elton John
1ed345f1-cc97-46a0-b6a0-6fa4de5b3067,Aerosmith,Aerosmith
,The Middle,Zedd
,Wait (feat. A Boogie Wit da Hoodie),Maroon 5
3bdf56e7-c042-41c6-8b52-43f45332683f,Ride It,Regard
1bfa5f4b-89cf-4ee3-8343-19c4c904fd06,Samba de Janeiro,Bellini
159d47ec-8966-439b-b1db-6348de3ea9f0,Traveller,Chris Stapleton
2618bcaa-2720-4d89-b443-db5eb0266393,Zach Bryan,Zach Bryan
,Ain't No Love in Oklahoma (From Twisters: The Album),Luke Combs
f3ca160f-3533-4472-ba10-a9e8fe40cd1d,Gettin' Old,Luke Combs
,Ferric Oxide (Demos 1997 - 2001),Panchiko
b8ba4f64-562d-4cc5-9f10-8e071947f3c3,Eyedazzler,Alison's Halo
0adb6284-9634-4b1d-a496-c5d542d5c0c3,England Made Me,Black Box Recorder
,Static And Silence,The Sundays
054d2a63-97a8-4e68-ace0-519d6dea7551,In Utero,Nirvana
109b0311-688f-49a1-8ba7-338d40ee2215,Meat Is Murder,The Smiths
,You and I (Expanded Edition),Jeff Buckley
188339dd-e99f-4096-8e92-b9423e5c698c,Loud,Rihanna
,Billie Bossa Nova x West Coast,Lewis Hanton
,Algum Ritmo,Gilsons
,Cinnamon Girl (Slowed + Reverb),skyemane
78dcbf8c-bd49-49e6-b831-a1b132eec18c,Phases,Chase Atlantic
,Music To Watch Boys (Demo),DreamSoda
,Heartburn (Slowed + Reverb),skyemane
,One Of The Girls x Good for You Slowed,Ishu Music
,no more excuses (versions),Prod. 94
,Cinnamon Girl (Sped Up),skyemane
,The Idol Episode 5 Part 2 (Music from the HBO Original Series),The Weeknd
,Bad 25th Anniversary,Michael Jackson
,Once then we'll be free,Wisp
,romantico (2022 Remaster),800 Cherries
0255b87a-deda-4110-ac95-560c2f61bd33,My Iron Lung,Radiohead
0c46011c-2c86-4c53-8226-10c79f746e6f,A Moon Shaped Pool,Radiohead
10bfa756-9237-4616-ac21-5f323a492327,Nirvana,Nirvana
15206d0d-a597-4f6e-b35c-7afa07077a93,Shed,Title Fight
28ddf022-0a8a-4ecd-bf18-d80af26c3aff,Plastic Beach,Gorillaz
14e089b2-a2c7-4db0-88de-2f90dc036c50,Kid Krow,Conan Gray
1b1e6e31-009c-42de-ba51-0825653d4960,GUTS,Olivia Rodrigo
,Imagination & the Misfit Kid,Labrinth
,i don't know you anymore,sombr
,would've been you,sombr
144b9dac-5c5c-4be2-bf97-190ff7249dc2,Balacobaco,Rita Lee
a9136a45-e058-4fd7-a470-abc57937d70d,Black Out Days (Future Islands Remix),Phantogram
,"AS PALAVRAS, VOL. 1 & 2",Rubel
,Brazilian Café,Tim Maia
2008eab3-23ca-4f1f-90ab-84ba022bdc9d,Rua Dos Amores,Djavan
,Bicho Solto - O XIII,Djavan
d3847e5b-b9a7-435c-b278-b29e10357e2e,Casas,Rubel
1c3ae328-315a-4023-af40-04a9aa343e3b,Djavan,Djavan
f5bb21bc-d107-44ad-be0b-964564eeccdd,Tamo Ai Na Atividade,Charlie Brown Jr.
,Team Sleep (U.S. Release),Team Sleep
,I Let It In And It Took Everything,Loathe
,Miracle,Adriatique
9878ae58-9655-4c3f-a2bb-2cd93eb80217,Because You Move Me,Tinlicker
,"Inhale / Exhale Remixed, Vol. 1",RÜFÜS DU SOL
,2 Hard 4 The Radio,Drake
09e3b9ad-a346-4b29-a5b2-80a57f043b9a,1989,Taylor Swift
0bf13961-db62-43e7-b133-7d0bba9eb0b0,Who Would Think That Love?,Now United
,Habibti,Drake
1cc29145-b0e4-47bf-8bda-a1edef67dd1d,Origin of Symmetry,Muse
,Hybrid Theory (Bonus Edition),Linkin Park
,Wonder What's Next (Expanded Edition),Chevelle
0d36931b-831a-3663-90a1-57b2210e19f3,Fallen,Evanescence
1aec3d58-b547-459a-8bdf-78950d6cbd9e,We the Best Forever,DJ Khaled
,Mute,Jan Blomqvist
,"Passion, Pain & Pleasure (Deluxe Version)",Trey Songz
905c6938-419a-4999-9aaf-13bf85b06028,Trigga Reloaded,Trey Songz
,3:15 (Breathe),Russ
417b4bf4-6c02-4a05-9c67-5a78f185419d,RY RY WORLD,Mariah the Scientist
c4d2b3a7-6e58-4fcd-878e-78a2dfc445da,Ain't Nobody Takin My Baby,Russ
937a7cc7-3046-41d2-b655-029bdb18fba8,"If Not Now, When?",Russ
,I’m Tired (with Zendaya) - Bonus Track,Labrinth
,I'll Make You Miss Me,Artemas
,makes me want you,sombr
,The Idol Episode 5 Part 1 (Music from the HBO Original Series),The Weeknd
c77cbb63-1d5b-4002-9814-f644ee7db493,Untitled (Black Is),Sault
1023521a-a9cf-4c33-b112-f18cc8d98c39,I Put a Spell on You,Nina Simone
,Ai Ai Ai (Felguk & Cat Dealers Remix),Vanessa da Mata
025d4f1a-2e0a-3e0e-9808-f91f77340cf4,Play,Moby
,Coming Home (Deluxe),Leon Bridges
491f881f-1979-4d28-a50b-5b1fadb9a35a,Portraits,Maribou State
63f31f8b-6fc5-3a7a-a35e-8609dffdca8c,"No, No, No",Dawn Penn
154f7008-efe8-3435-b3a1-4e39f163bb5d,Nouvelle Vague,Nouvelle Vague
4393b20c-f635-491e-92c0-2a5519151e5d,KID A MNESIA,Radiohead
71389d20-a55f-4950-85be-a5bb938ecfbc,The Meltdown,The Meltdown
9e777848-7ea7-4798-a435-6d4d4a7957d8,Uma Vida Só,O Rappa
49c70727-1472-4ab1-97e3-968e2a7f7539,Koop Islands,Koop
058dcfa5-4921-4055-87b0-f541eb4adb08,Californication,Red Hot Chili Peppers
,MAGIC SHOW,nagalli
12e00d08-9603-47ad-a17b-908b72a762b4,Mistérios,KayBlack
,Fifty Shades Of Grey (Original Motion Picture Soundtrack),The Weeknd
a56aff03-6586-46a7-99f9-390069cb36f4,wonder if you care,FlyingFish
25d4d542-bbb8-4f8d-8572-692c6ceab44d,Talkie Walkie,Air
285e5c25-8555-49c7-8b80-54c733b305ff,The Endless River,Pink Floyd
13141107-58e2-4984-bb90-55aa59fc03f6,Konvicted,Akon
,Press Play,Diddy
79633af2-2dc8-47e1-b6bb-2be86f29dc02,Freedom,Akon
,Wonderland,Seafret
e35f8429-9000-4ae1-a520-321fab7b6cc9,Most of Us Are Strangers,Seafret
5699ec20-bd23-486a-915b-b61db216a42c,Why Does Everything Happen So Much EP,Prelow
,Ultraviolet Disguise (Deluxe Edition),The Technicolors
dfa1f8d2-8cfb-40ac-a8f2-9fef8651c9a0,Ruas Vazias,Shawlin
5f26f199-53d4-481f-9285-c5a447486938,Everything So Far,Pinegrove
67e87d5e-3885-49cb-8b85-4b8ad10b4b63,The Album About Nothing,Wale
15115921-9f3c-416a-aaa4-612033074b31,Youth Novels,Lykke Li
06e2774f-fccc-4f4e-b6a3-28c853ac8049,Wounded Rhymes,Lykke Li
aedfa2b4-982e-471c-b7ca-cc53a8f195cc,No Mans Land,Lithe
27d66f04-1514-4f4a-a165-6b24d728ed01,Touch Tight,Lithe
f9b3d7dc-6318-422b-99c2-441ec54dd8d7,Lost In Euphoria,Lithe
,In the Mood with Tyrone Davis (Expanded Edition),Tyrone Davis
,The Best of The Temprees,The Temprees
,Oh Honey,Delegation
6cb9d913-d8bc-4e16-aeef-a9df93499c23,Music Magic,Rose Royce
3d0eb4e7-11f7-490d-92d5-9f5662b055f9,Be Thankful for What You Got,William Devaughn
,Yes I'm Ready,Barbara Mason
adfe4f83-88b8-422a-b0c3-f2a23b77512a,"Baby, I'm for Real",The Originals
16afe1da-1b03-450b-91c6-29bee388c007,Natural High,Bloodstone
,Rose Royce III: Strikes Again!,Rose Royce
3c2693a7-29a9-4835-a6b5-86d80a9f2f89,Vide Noir,Lord Huron
,Yellow Flicker Beat (From The Hunger Games: Mockingjay Part 1),Lorde
,Chip Chrome & The Mono-Tones (Deluxe),The Neighbourhood
2bba96f0-055f-4553-b231-1a7df67a4445,Oblivion (Original Motion Picture Soundtrack),M83
2aa86c90-b75a-4c18-b9f2-1d5304022337,Crush,Cigarettes After Sex
6dfb04a9-3021-41c6-b130-3c56d0a38ad4,Metaphysical,The Technicolors
,caroline,sombr
,no good,Asal
,in your arms,sombr
,that's how it goes,Asal
,never find u,sombr
,Yellow Box,The Neighbourhood
,"Sky Blue Skin (Demo - September 13, 1996)",Jeff Buckley
1de92bd7-22ea-430b-b462-1592c1cd4472,Heligoland,Massive Attack
08323c03-f4fb-4f83-a02a-232a966c99d0,Meddle,Pink Floyd
069e6e08-a1cf-4b94-bf1d-4acbe9473d49,Master of Reality,Black Sabbath
2ddf20de-534e-3e90-86a1-f052535c766b,Samba Esquema Novo,Jorge Ben
0d2cb66c-3a32-4f81-b977-9231c461c34a,Lonerism,Tame Impala
3051390d-6f18-439a-8eb8-c72734dde89c,Singing Bones,The Handsome Family
5bd245e5-8a9d-4743-bb27-9bd9926f2023,The Spoils,Massive Attack
158f94bf-d77f-4055-afa4-8fc7e0b2a004,Random Access Memories,Daft Punk
,Fatal Attraction,Reed Wonder
,My Name,Reed Wonder
,Insatiable,Elias
,Hands On Me,Elias
,Blood Sugar Sex Magik (Deluxe Edition),Red Hot Chili Peppers
e8923b24-e217-4b98-af09-1b4c10f54602,Her,The American Dawn
5b9d571c-6ad5-4d1f-a5f0-c98b7715a9d1,Out of Exile,Audioslave
,Empty Floor,Jan Blomqvist
,Turning Away,Cristoph
,In The Storm / Nightfall,Angara
,Destination Lost,Jan Blomqvist
22377ae6-aeb9-4350-b748-abb6ccedfb5f,Dark Matter,CamelPhat
,GO:OD AM (10th Anniversary),Mac Miller
ed6a6c6b-f5f2-43c1-9eee-dff444f3969d,Morning Falls EP,Ben Böhmer
,Reload (Vocal Version / Radio Edit),Sebastian Ingrosso
f62ec96b-13cd-4147-ab57-7a9231849c53,0 To 100 / The Catch Up,Drake
,Light,Nu Aspect
78a291fb-7698-453f-a9dc-3510a0ec889a,What A Life,John Summit
9ab79091-0d86-4f38-8363-cb46f76f8ba6,A Brief Nirvana,Khamari
4ad19f59-1528-4d5a-acd9-04753b415113,Head in a Jar,Khamari
60eb863b-749e-40b7-b348-11015d0d8baf,"Sincerely,",Kali Uchis
,i cant tell (love my money),Montell Fish
,A Jaguar's Dream,Jordan Adetunji
,Miss Me (Slowed + Reverb),trxndsetter
,Phases,Howling
,"Djavan ""Ao Vivo""",Djavan
110b8826-bba6-4e38-a9e2-f29ab210ba90,The Idol Episode 2 (Music from the HBO Original Series),The Weeknd
,Those Eyes,New West
,The Idol Episode 3 (Music from the HBO Original Series),The Weeknd
,Tattoos,Artemas
824dd3e7-e0e6-4be6-8d55-74b4c0140f97,Singles Collection,Massive Attack
,Pretty Juvenile,Asal
9ad693fa-c2a9-49a8-8dc3-4eab041aa8c1,SYLDD,Ricky Hil
66ad3acb-9e35-480b-87bb-d97364d244f3,WUNNA,Gunna
d9bed87d-3308-48c1-b12e-da9ed7fbd405,Love On The Brain (Dance Remixes),Rihanna
45b09027-7457-4075-8b6f-5f21f3d3f313,Colure,Howling
0062a7fc-55ba-49db-b562-8120840f4c8f,Business as Usual,Men at Work
,Outside,Asal
,run.,arya x
41896480-9f58-48ea-8614-645dfc036a9d,STORY OF ARCHIVES,Alan Vuong
,The Machine,Reed Wonder
,no sleep,arya x
,Headache (sped up),Asal
,Fifty Shades of Grey (Original Motion Picture Soundtrack),The Weeknd
,The Slow Rush B-Sides & Remixes,Tame Impala
0a25ee8d-b897-4e51-acc1-e68a3f994c0d,Get a good look,Sports
,Two Vines (Deluxe),Empire of the Sun
,A Night At The Opera (2011 Remaster),Queen
,Gravity (feat. RY X),Nocturnal Sunshine
68fbd265-3701-427a-b91a-af97f9fd0125,One (Your Name),Swedish House Mafia
,Locked Out Of Heaven (Hardstyle) - Sped Up,Baki
3898175a-8535-457b-835f-02c0fd804a24,Força Bruta,Jorge Ben
,Pontos de Exclamação (Vintage Culture & Future Class Remix),Jovem Dionisio
,Poemas para Quem Chora,ivyson
2f6caa89-9872-40be-a6e1-6e983212b8d1,Long Lost,Lord Huron
952c9ce2-965b-48fb-89b1-5e0b0c87ddcc,COWBOY CARTER,Beyoncé
091ad434-48f7-4027-b3d5-939606f52f5c,Lover,Taylor Swift
,Solta O Pavão (1975),Jorge Ben
09183649-b69c-4908-a6aa-b1e41a1405ec,Black Moses,Isaac Hayes
adc74834-62f5-4661-861f-14678c9d6c3b,Finally,Swedish House Mafia
,I Could Be The One [Avicii vs Nicky Romero],Avicii
aac532ef-ac44-46b5-b09d-a3ffcb2a389b,Pharmacy,Galantis
,Comfort In Chaos,John Summit
bcf36ca0-014f-4ec5-bbf7-4f68d99452ad,Duality,Duke Dumont
0f565d05-8df3-4cc1-9fef-7d8399337a10,Save The World,Swedish House Mafia
8c4f3b13-243b-49d4-827d-05c0f03f4505,Ray of Solar,Swedish House Mafia
9c39d31b-030d-40da-a878-958bbdd58e26,Cola,CamelPhat
b1c9f86f-6fd5-493b-8563-50638dad0a0f,Don't You Worry Child,Swedish House Mafia
26ec3276-08ab-4102-ac2f-73c13870bca6,Wounded Rhymes (Anniversary Edition),Lykke Li
1f1687c0-748f-4e3d-b225-2a8896dc3702,Nightcall,Kavinsky
,Strings Attached,Nu Aspect
00dd1688-8279-45a5-bdef-f0958c249014,Midnights (The Til Dawn Edition),Taylor Swift
2fdcc2d7-50b9-4b27-8262-8cf9e31aaa4d,Homework,Daft Punk
,DEEP IN YOUR SOUL,Alan Vuong
,Missing Everthyng,Schnarker
,"XXXTENTACION Presents: Members Only, Vol. 3",XXXTENTACION
c85c1307-0273-40e8-9e61-37090d4d27fe,Spiritual Milk,CamelPhat
,Home,Adriatique
,CLEAR 2: SOFT LIFE EP,Summer Walker
051447d2-1865-4cc5-b857-f69a9c17c875,U,Avoure
edd41ddd-81e5-4c0b-b20e-027d4399fb1e,Can’t Catch Me Now (from The Hunger Games: The Ballad of Songbirds & Snakes),Olivia Rodrigo
,Midnight Sun,Jan Blomqvist
,Rise,Lynnic
,Anjunabeats Volume 14,Reflekt
,Wanted on Voyage (Expanded Edition),George Ezra
,A Fire In The Sun,Marino Canal
,The Echo,Adriatique
,Secret Places,Echonomist
,Howling (Radio Edit),Howling
,Lover (Remixes),Howling
d2a35902-1d2b-4c6e-83a2-df3640869a97,Maybe Not (Rodriguez Jr. Remix),Jan Blomqvist
,Emptiness,Giolì & Assia
13a03405-c6c0-4c7e-af88-0ef66e9bd090,The Beginning,Black Eyed Peas
,Made For Each Other,Clér Letiv
,Best of Me (Radio Edit),ARTBAT
63d6f17e-42e0-4cb9-ac39-b81e947adcd2,Never Say Never - The Remixes,Justin Bieber
7511b832-99f5-4146-88d1-b3084db3d9ce,A/B,Kaleo
09531a8f-4b94-49e6-a4bb-457bca09a57d,THE TORTURED POETS DEPARTMENT: THE ANTHOLOGY,Taylor Swift
,$ome $exy $ongs 4 U,Drake
0ce2cdf9-763f-47ed-8157-24f717bfb2fc,City to City,Gerry Rafferty
8a477870-e4af-400a-872f-ca1869628fd5,Two Hearts,Men at Work
1b8d7e7a-085f-4a3d-9221-24df52c6d603,Cargo,Men at Work
,Settle (Special Edition),Disclosure
,You Give Me A Feeling,Vintage Culture
,"Carlos, Erasmo [Versão Com Bônus (1971)]",Erasmo Carlos
,Hotel California (2013 Remaster),Eagles
,LV Bag (feat. j-hope of BTS & Pharrell Williams),Don Toliver
,ILMB (feat. Travis Scott),Sheck Wes
86757017-3a49-41c8-8a03-e5a152f67cf5,n da morning,4batz
,Born to Die (Deluxe Version),Lana Del Rey
,Babel - Music From And Inspired By The Motion Picture,Gustavo Santaolalla
2e2918b1-8a14-36cc-95a8-fd663e45035f,Ma Fleur,The Cinematic Orchestra
00e27726-b4a2-4881-843d-cd5d775f47dd,The Seeds of Love,Tears for Fears
,I'm The Man (Remix),50 Cent
,Forever,ilyTOMMY
,Ao Vivo (Live),Nando Reis
0a322bae-608a-3bdc-a19a-c2088ea1d12e,Last Kiss,Pearl Jam
023cb64f-8366-4a63-9f47-de1cc35102a7,Hunting High and Low,a-ha
,I'm The Man,50 Cent
5bcad976-4eab-40a5-8acb-e4df26153721,Outta Control,50 Cent
e1b0e22a-6149-4b32-93f1-90cce6da89d4,Fuk Wat They Talkin Bout,Tyga
,"The Music of Grand Theft Auto V, Vol. 1: Original Music",A$AP Rocky
,Orbital Love,Hollt
,Faces,Housekeeping
,Keepin On,Lost In Blues
1cafd438-383c-4068-a1cd-01c9cfdeb8a2,30,Adele
02d703c8-1305-4eec-824d-93412a24cab0,New Beginnings,Reason
88b58ea5-e281-4bec-8221-86405c1d9ed1,ALL-AMERIKKKAN BADA$$,Joey Bada$$
036e4bbd-681b-4397-a53f-ce23c239e4d3,Lethal Injection,Ice Cube
01fc6b31-f97c-41e5-8804-3e97db946e1d,Da' Miilkrate,Miilkbone
0578e4d6-0f92-478d-ad1b-a4d58b864191,The Lost Tapes,Nas
3c4bb0d5-9ff6-42f1-927f-83d8eb6c9cfb,Player,Player
03bb638f-0ce9-46e9-8e2d-e6202b2feb1f,Mama Said,Lenny Kravitz
07297312-a07f-4888-bec2-e3e8fd1b20ba,The Hurting,Tears for Fears
,Songs From The Big Chair (Deluxe),Tears for Fears
2f75a10d-74e6-45ba-ba46-21cbadecf1d9,Ten Summoner's Tales,Sting
4fc064e6-2b71-43f8-b582-62def457bc6a,Compact Jazz: Antonio Carlos Jobim,Antônio Carlos Jobim
,Trio Mocotó: Edição Histórica,Trio Mocotó
,innerquake,Phoebe Killdeer
0b998e3a-f763-46ff-b499-5c4b721517ea,18,Moby
05bec03d-4a2c-4314-8ad2-c35670674238,Confidently Lost,Sabrina Claudio
0fd6377c-1553-4c6e-9bba-f9ff47a94477,Different Pulses,Asaf Avidan
,Ayayay (feat. Tony Tonite),Bratia Stereo
307fd3c4-4df0-4641-b60a-70533e984e9f,Gold Shadow,Asaf Avidan
43c96ba7-a500-46c5-8522-934b718edb98,Peace Is the Mission,Major Lazer
,Paradise (Âme Remix),Moat
,The Fantastic Sound of,Gunter Kallmann Choir
1a32ffca-f039-4c83-a3be-40a73dff1d8d,Providence,Hippie Sabotage
24f43fba-0cd5-40c9-a6c7-fa50954f0eff,"No Rain, No Flowers",Sabrina Claudio
2b9212ae-a37f-4761-a467-bfbb50ac6f1b,The Night We Met,Lord Huron
,Alps,Novo Amor
,"""Krig-Ha, Bandolo""",Raul Seixas
0381ad30-8ea7-469c-8918-d76111d716db,Legião Urbana,Legião Urbana
02256b45-45d2-38e3-9d0b-2e233ac49cc5,Construção,Chico Buarque
06d4fef0-6305-4cb9-b111-e0fb3ba8e67b,Are You Gonna Go My Way,Lenny Kravitz
8636f692-2718-49c0-a393-4afe5fdaaba8,Rosas E Vinho Tinto,Capital Inicial
,Acústico Capital Inicial,Capital Inicial
6e2818d6-20b4-4bf7-9ba7-549d6119d822,White Light,Sidewalks and Skeletons
,Every Girl Gets Her Wish,Saint Avangeline
,Refém (Papasessions #3),L7NNON
,Numb to the Feeling,Chase Atlantic
,Floating Palace,Hippie Sabotage
,Slow Down (feat. Jorja Smith) [Vintage Culture & Slow Motion Remix],Maverick Sabre
28e7a417-99d3-4574-9aae-44d4cf818836,Bloom Again,Nu Aspect
f9bce0b6-f3c3-4d41-8dc0-6138176c5d85,Drifter,Hippie Sabotage
28681b1e-5af7-45ef-b4dc-b791bd429f52,Highspeeds,Elliot Moss
,Silk,Elijah Blond
dccc5af4-f3bb-402c-81a7-72e534845781,Red Moon Rising,Hippie Sabotage
,Tongue,Maribou State
,TRUST NOBODY,Hippie Sabotage
,Blacc Hollywood (Deluxe),Wiz Khalifa
,Options,Hippie Sabotage
4cecd0ca-f92d-45a4-8e73-40a4106b7840,Puta É Só um Detalhe,DJ Douglinhas
389571a0-da50-4726-a0cb-0144dcbd1d39,Escândalo Íntimo,Luísa Sonza
,MTG NA IMAGINAÇÃO (TOPO SESSIONS VOL. 1),DJ Topo
,Sorrisin De Puto,DJ CAYOO
,Não Vou Namorar,DJ WS DA IGREJINHA
,Faz um Vuk Vuk (Teto Espelhado),MC Kevin O Chris
,Descer,Kew
,Vidrado Em Você,DJ Guuga
,Funktroit,mc saci
,MTG QUEM NÃO QUER SOU EU,DJ Topo
,Waves (Robin Schulz Radio Edit),Mr. Probz
,Let It Go,notsobad
,Echo,Rscl
,Kaleidoscope (Remastered & Expanded),Siouxsie and the Banshees
,Olha pra Cara de Quem Te...,MC LUUKY
,Won't,Tanerélle
ad452306-631f-49cc-8fba-afab883307f7,LAST NITE,Tommy Richman
48510e76-3985-4c0d-8ee0-4eff139e84d9,Million Dollar Baby,Tommy Richman
907aaa31-d6d1-3831-9993-886c70c20c1d,Cold Shoulder,Adele
7a3f2bc2-1d97-4246-b014-a2c64ef14054,Make You Feel My Love,Adele
79ef6f41-51a3-3ee5-8b2f-7347de023e30,Rolling in the Deep,Adele
7374ce32-6aaf-46f8-ad66-5b22ccf25bee,Bathing Beach,Novo Amor
,Escândalo Íntimo (Deluxe),Luísa Sonza
259f3d9c-37ac-4306-8edf-651633ce383d,Recadin No Espelho,Luísa Sonza
,sentaDONA (Remix) s2,Davi Kneip
,Hotel Caro,Baco Exu do Blues
992d3bc2-49f5-4fb8-aadb-5dbadeb57b04,Sugar Papi,Marshmello
,MOTINHA 2.0 (Mete Marcha),Dennis
,MEGA FUNK SHOW ME LOVE,DJ Petroski
,Mega Funk Movimenta,Patrick DJ
,Interstellar (Original Motion Picture Soundtrack) [Expanded Edition],Hans Zimmer
,Gladiator - Music from the Motion Picture,Hans Zimmer
4bae1899-4e2a-4e8f-a805-ab0b8df70fd0,Inception (Music from the Motion Picture),Hans Zimmer
d643c7e9-8a7e-42eb-82bd-acc4b422d634,MIJA NO TE ASUSTES,Clave Especial
,Heaven,Palastic
,Melancholia,Lynnic
,Nobody,19Clouds
,SAFE WITH ME (SECRETOS),Jhay Rivas
,I Can't See,Row
90e614d9-ed19-41fc-9a90-e05026b6ce90,GUTS (spilled),Olivia Rodrigo
6d609286-b22a-49dc-91c8-8b3a446ede33,Feels,Snoh Aalegra
,Te Amar Demais,Sodré
ce37e8cf-c564-4146-92c1-2beec08f5a23,At The Border,Marcel Khalife
,All my Heroes,Naeleck
9359dda7-bda1-4682-b007-adb0c0447572,Tension,Vök
f63294de-fac3-4030-934a-53e88ca5ea00,Look at Me: The Album,XXXTENTACION
,? (Deluxe),XXXTENTACION
,Arms Around You (feat. Maluma & Swae Lee),XXXTENTACION
,Spider-Man: Into the Spider-Verse (Soundtrack From & Inspired by the Motion Picture),Lil Wayne
ddd84b1a-f0bd-472f-9608-8f6857c6fed6,Vice City,XXXTENTACION
e5702d9b-3768-49de-871c-508706e8d39a,Project Baby 2: All Grown Up,Kodak Black
,LET'S PRETEND WE'RE NUMB,XXXTENTACION
,Son of a Gun (Original Motion Picture Soundtrack),Sol Seppy
0eea0f4a-9dce-4c25-9306-8ae5c3c393e0,When Seconds Count,Survivor
544d1538-0e6b-44e7-9d24-f6a892fee9d5,Sugarbread,Soap&Skin
086591ff-0125-381b-bc3b-3e640940ac0c,Scratch My Back,Peter Gabriel
49cc786f-7618-4fff-9ada-60f004f4d1e3,Silent Alarm Remixed,Bloc Party
2e379aa1-4807-46a7-bd0b-69722671b62e,Rip It Up,Dead or Alive
,Silent Alarm (Remixed),Bloc Party
,The Study On Falling (Deluxe),Asaf Avidan
,Wishing Well (feat. Lucy Tops),Stomper
098ea38d-0d49-43ca-ab0b-7928ff3aeacd,At What Cost,GoldLink
4ad1167e-5d92-4a8e-a9de-3c2b8c4bac4a,LIVE FOREVER,Lil Peep
0d50cfbc-b1ef-44fc-bd1e-0e3a4520b69b,Wolf,"Tyler, The Creator"
67b14d6c-8116-40b2-a208-3c7a95e049d1,Bipolar,Yot Club
040720d3-de1e-3caa-9d89-f99633c5cddb,Viva la Vida or Death and All His Friends,Coldplay
e8308f36-b5c9-4e42-b110-fc70f609dae5,Music,Playboi Carti
,Mônaco Freestyle,Veigh
,Poesia Acústica,Pineapple StormTV
d8bf7a82-8cf1-404e-95b6-2e2ad2cb0ba8,<atrás/além>,O Terno
04342be0-b3ab-4641-98b3-3967a22bd03c,Rita Lee,Rita Lee
8b11bf24-e55d-4913-98f6-5d4503ea49be,Adoniran Barbosa,Adoniran Barbosa
,Planet Pit (Deluxe Version),Pitbull
,Mtg Forró e Desmantelo,DJ SV
,Sem Aliança no Dedo,MC Xenon
2caf13c1-a3e2-4912-a8b8-a83b04a41f85,Irrastreável,L7NNON
,Fantasma (Versão Gordão do Pc),GORDÃO DO PC
,Ela É do Tipo,MC Kevin O Chris
,Baile do Bruxo,Tropa do Bruxo
a169daf6-bd21-43d0-9fc3-5d3f07d998d9,Menor do Desacato,MC LUUKY
,365 Dias (Vida Mansa),MC Marks
,A Danada Me Ligando,MC Cebezinho
,Nossas Fotos,Felipe Amorim
9dcd1f22-0913-4d99-a88d-3c2889a1875e,Liberdade,Oruam
dcb1e0b7-eb30-40c3-8bce-e9d0f5c07e80,dont smile at me (Expanded Edition),Billie Eilish
,Duro Igual Concreto,1Kilo
,$ome $exy $ongs 4 U,Pimmie
52ba5cbe-0a83-40ff-baf8-9f0d59447039,All Mine,Plaza
,Bleed (feat. Omar Apollo),Malcolm Todd
57244aa9-2e23-490c-bcc8-3a0102eef6e7,Lovers,Anna of the North
,Humanz (Deluxe),Gorillaz
,Poesia Acústica,Hodari
,Poesia Acústica,Delacruz
,A Música Mais Triste do Ano,Luiz Lins
,Você Não Ama Ninguém,Salve Malak
,Vida Toda - Spotify Singles,L7NNON
61c71486-3484-4533-b114-f5c0caa1a667,messy,Łaszewo
,The 20/20 Experience (Deluxe Version),Justin Timberlake
,Memoirs of an Imperfect Angel (International Version),Mariah Carey
,O Que Bate É Maluquice,J. Eskine
,Cartão Black,MC Caverinha
,SHADYXV,Eminem
9a1cc941-0a96-42d1-af64-9045ee3e5c2a,Exis,Roy Woods
,Do Job,Mc Tuto
3baa5de9-0492-41ca-bc00-0db2a22a0617,Nobody Is Listening,ZAYN
,Drama (feat. Drake) [Sped Up],Roy Woods
,Messy,Lola Young
,Churrasquinho 3 (Ao Vivo),Grupo Menos É Mais
,TOCA QUE EU QUERO OUVIR,Henry Freitas
,Mandona (Se eu te dissesse),Vulgo FK
,LITTLE LOVE,MC Cabelinho
1d73b765-070b-4fd7-8985-095ff14a4400,I Got You (I Feel Good),James Brown & The Famous Flames
45bbde2e-bfc1-48c6-8b58-491348cd5459,GNX,Kendrick Lamar
,Man on the Moon: The End of Day (Int'l Version),Kid Cudi
12906c9d-8856-4042-9aa3-98823ccc539d,Saxobeats,Alexandra Stan
,"Baila Baila Baila (Remix) [feat. Farruko, Anuel Aa]",Ozuna
,MTG DTMF,DJ LUAN GOMES
