artist_mbid,artist_name,artist_key
,Drake,drake
875203e1-8e58-4b86-8dcb-7190faf411c5,J. Cole,j. cole
,Jan Blomqvist,jan blomqvist
e4f12dfc-1ee7-4250-8e24-549b6d46676d,Ben Böhmer,ben böhmer
13c58530-0d1a-40de-b9b4-00743ad246f6,Xinobi,xinobi
45dc5f07-6609-4760-a933-8c9e0f858d05,French Montana,french montana
c8b03190-306c-4120-bb0b-6f2ebfc06ea9,The Weeknd,the weeknd
e4a51f17-a57b-47b1-b37b-f552d0f8e9e6,Travis Scott,travis scott
20634ec0-4bdb-47dc-9bf4-07ed76f8154a,Montell Fish,montell fish
7fb57fba-a6ef-44c2-abab-2fa3bdee607e,Childish Gambino,childish gambino
a74b1b7f-71a5-4011-9441-d0b5e4122711,Radiohead,radiohead
29b550f2-04a3-4733-b6f5-4e347fac7e11,Charlie Brown Jr.,charlie brown jr.
,Coldplay,coldplay
eb6de5f6-98f8-4b5a-bfdc-f87fa4936baa,Kavinsky,kavinsky
f4abc0b5-3f7a-4eff-8f78-ac078dbce533,Billie Eilish,billie eilish
,Dave,dave
,Adele,adele
,Kanye West,kanye west
67930b3e-e00b-469f-8c74-fd69f20522ec,Sade,sade
7527f6c2-d762-4b88-b5e2-9244f1e34c46,Deftones,deftones
1cfa6ee5-1189-4ade-97db-8f20a6ba5c76,RÜFÜS DU SOL,rüfüs du sol
14776bf4-1e83-4cd9-b485-5e374d05e19a,KVSH,kvsh
be42aaaa-9703-41dc-b2eb-de03e30f83b9,Matuê,matuê
8dc08b1f-e393-4f85-a5dd-300f7693a8b8,James Blake,james blake
e14075cd-abdc-4815-9a19-78263f8fc35a,Iyeoka,iyeoka
d5be5333-4171-427e-8e12-732087c6b78e,Black Eyed Peas,black eyed peas
29e686ca-134e-46d5-8a5b-7193f618ff35,Sonder,sonder
b7539c32-53e7-4908-bda3-81449c367da6,Lana Del Rey,lana del rey
,Pitbull,pitbull
285e1285-aecc-478f-a8da-0c8cf69e1217,Miguel,miguel
b95ce3ff-3d05-4e87-9e01-c97b66af13d4,Eminem,eminem
e0140a67-e4d1-4f13-8a01-364355bee46e,Justin Bieber,justin bieber
36494952-f434-45d8-a958-8b4acdbcf8a8,Gucci Mane,gucci mane
f23ef341-33bd-47c1-b83c-846a78581f05,PARTYNEXTDOOR,partynextdoor
5b2a8faa-ffee-4706-a1a8-58f109bc8ca2,Tems,tems
4c7a5854-6b75-4623-a684-6a3d785d9015,Estelle,estelle
e520459c-dff4-491d-a6e4-c97be35e0044,Frank Ocean,frank ocean
ceb3f5b7-9f1a-430f-afbe-976fdcf30482,Jhené Aiko,jhené aiko
59db3d82-86ea-451f-881f-dffc8ec387c9,Metro Boomin,metro boomin
07832b42-8826-4ab1-acd3-c49a2f595ffe,6LACK,6lack
f181961b-20f7-459e-89de-920ef03c7ed0,The Strokes,the strokes
,Diddy,diddy
5df62a88-cac9-490a-b62c-c7c88f4020f4,Doja Cat,doja cat
13bcb2bb-db37-4397-baf5-e0f085be2d64,Rick Ross,rick ross
cc3e537d-ff34-423f-8cd6-635a80f4dba7,Gesaffelstein,gesaffelstein
44cf61b8-5197-448a-b82b-cef6ee89fac5,Paramore,paramore
0aeea1ef-8d96-4556-8c4a-84b88ae271bb,Yebba,yebba
,VisionV,visionv
8ffb6b8e-3933-4f93-b315-8f5293b1b350,Benny the Butcher,benny the butcher
77a678b8-b848-4c08-bbff-f838aea3ad1f,Howling,howling
cf15719f-51f9-4db8-a15d-5eed9664ce69,Lupe Fiasco,lupe fiasco
b3adc16a-abdb-4668-9b05-baabbf942db6,Tash Sultana,tash sultana
4f4bda3c-d636-4135-b65a-6cc26bc75788,Kosheen,kosheen
,Trilucid,trilucid
,Alicia Keys,alicia keys
,Jeff Buckley,jeff buckley
dfe9a7c4-8cf2-47f4-9dcb-d233c2b86ec3,Amy Winehouse,amy winehouse
ada7a83c-e3e1-40f1-93f9-3e73dbc9298a,Arctic Monkeys,arctic monkeys
99075985-0d80-4692-a15e-b16f78831792,Swedish House Mafia,swedish house mafia
5b8ec72b-9e39-4a06-a2bf-964166b92a71,Tory Lanez,tory lanez
070d3e4b-8559-4fd4-af63-4535ed1f69c9,BUNT.,bunt.
6ffb8ea9-2370-44d8-b678-e9237bbd347b,Kings of Leon,kings of leon
dfe78af2-779e-4137-826a-3073a16e3278,Phantogram,phantogram
5bdeb32d-56a5-4b6d-a768-264101fa0a0a,J Balvin,j balvin
,JHAYCO,jhayco
d18a2838-05fa-4e4e-bbb5-284a4cfb13f5,The Blaze,the blaze
b46e298d-d3a5-4695-a03e-63e8c523b23e,Daniel Caesar,daniel caesar
89aa5ecb-59ad-46f5-b3eb-2d424e941f19,Bad Bunny,bad bunny
8ab64ebd-200e-47af-a3fc-92540e186214,Gigi Perez,gigi perez
7eb1ce54-a355-41f9-8d68-e018b096d427,Harry Styles,harry styles
f5dfa020-ad69-41cd-b3d4-fd7af0414e94,Wiz Khalifa,wiz khalifa
8e68819d-71be-4e7d-b41d-f1df81b01d3f,50 Cent,50 cent
636e0fb6-f2ad-45fc-b385-4d994665e7e3,Snoh Aalegra,snoh aalegra
,Sodré,sodré
63b9b3e3-4fe3-45dd-ac38-9fcc2ba47677,Saint Avangeline,saint avangeline
d8fd8d9b-473b-4f06-83c8-869b1bb9de89,Bryson Tiller,bryson tiller
479497d4-e7c2-4e78-972e-56e78fac3995,Chris Isaak,chris isaak
201412c6-7ced-472b-87a9-9259ec3c07d3,Brent Faiyaz,brent faiyaz
e34e41f2-f480-45d3-8190-a3ce5ab34fab,Wale,wale
73e5e69d-3554-40d8-8516-00cb38737a1c,Rihanna,rihanna
a0e8a1b1-5f8f-475a-a253-17415c17d0ff,Mac Miller,mac miller
80609a00-b394-4a49-975b-2db6b543fa97,The Kid LAROI,the kid laroi
596ffa74-3d08-44ef-b113-765d43d12738,Justin Timberlake,justin timberlake
4593d49a-7f67-46ba-9ec0-126bd676286f,Flo Rida,flo rida
20244d07-534f-4eff-b4d4-930878889970,Taylor Swift,taylor swift
,DJ CAIO VIEIRA,dj caio vieira
,MC Guto VGS,mc guto vgs
,Jhow,jhow
,DJ Japa NK,dj japa nk
25b7b584-d952-4662-a8b9-dd8cdfbfeb64,A$AP Rocky,a$ap rocky
3d2ac6d3-0092-4fdf-8012-5260ae6d24c6,Avenoir,avenoir
d5952849-0b94-4401-ba6f-81559f17f4b9,ivri,ivri
,Nirvana,nirvana
cc0b7089-c08d-4c10-b6b0-873582c17fd6,System of a Down,system of a down
8f9d6bb2-dba4-4cca-9967-cc02b9f4820c,Limp Bizkit,limp bizkit
d75b3154-fb27-479b-b40b-b1b71872a3e0,Lloyd,lloyd
10adbe5e-a2c0-4bf3-8249-2b4cbf6e6ca8,Massive Attack,massive attack
16f7e748-59b4-4705-959c-9276be0ebf6a,Superheaven,superheaven
0211be88-dc0f-4002-a1de-4001bb359d51,Artemas,artemas
32b87bbc-2363-457a-97b4-3103a569f3a7,Thee Sacred Souls,thee sacred souls
f2492c31-54a8-4347-a1fc-f81f72873bbf,Mac DeMarco,mac demarco
b3b9eb0c-d0b4-4570-b816-4e05e308b444,Cássia Eller,cássia eller
446ac261-09ae-43f4-a7e1-2c753c0813ce,Tim Maia,tim maia
7c743881-aed4-47d4-93d5-9fdd6e2904bb,Cartola,cartola
81ae3a8c-269d-41b2-9c4f-51a211787a9a,Armandinho,armandinho
eb105211-4d96-4128-9029-7e0a007965cd,Tiago Iorc,tiago iorc
8032cf05-d916-4b2a-9c53-6e75d4a24bd8,Trippie Redd,trippie redd
,Jovem Dionisio,jovem dionisio
,Luiz Lins,luiz lins
,Tribalistas,tribalistas
47685be0-926f-4be9-b1ae-e32da47a3b99,Legião Urbana,legião urbana
019c2b56-dcb4-4163-b49d-a439abdea332,pumapjl,pumapjl
e7b327ac-8049-4296-a6bb-70774f34e4a3,Ari,ari
,G-Eazy,g-eazy
9167f739-da47-4495-9d63-9c13b40114ac,Summer Walker,summer walker
48262e82-db9f-4a92-b650-dfef979b73ec,Future,future
9b12649a-8051-4051-8c56-131f7f4562a2,MC Cabelinho,mc cabelinho
0b85c931-e60d-4600-a300-e0ac5bc92078,PK,pk
7b91baa1-a9c3-4d9a-9f3e-7ac5d977e053,L7NNON,l7nnon
8264722b-df00-467a-858e-5c97cda169c9,Joji,joji
,Cloke,cloke
985f7e6f-0a7e-4de7-b9ec-a5dac63cb2f7,ZAYN,zayn
,shRk,shrk
,prxz,prxz
97b8d224-5660-419c-8dff-4b3bf0c33983,The Neighbourhood,the neighbourhood
868d573e-8b19-4f75-b02b-85cbef271823,Cleffy,cleffy
,Poseidon,poseidon
,Lil' Wayne,lil' wayne
311dc522-c8c6-4114-9b6c-3ed0ed41316f,Alok,alok
ecab255c-3af3-4154-87ec-2685041ce297,Chase Atlantic,chase atlantic
,JAY-Z,jay-z
272989c8-5535-492d-a25c-9f58803e027f,SZA,sza
,Dreamville,dreamville
81d12ca7-5b89-4d21-8736-860b7400b4eb,Baby Keem,baby keem
afb680f2-b6eb-4cd7-a70b-a63b25c763d5,Bruno Mars,bruno mars
d5cc67b8-1cc4-453b-96e8-44487acdebea,Beach House,beach house
8e494408-8620-4c6a-82c2-c2ca4a1e4f12,Lorde,lorde
9e929256-e00d-4fc8-8e78-0c8217c15306,Lou Garcia,lou garcia
e4bc69e2-a064-4f93-ada1-f7f209cc1cc3,Selena Gomez,selena gomez
0ab49580-c84f-44d4-875f-d83760ea2cfe,Maroon 5,maroon 5
,Sinnerella,sinnerella
457bd07c-0efc-4d59-9798-b941381cc17a,Vestron Vulture,vestron vulture
,HARDSTYLE DEMON,hardstyle demon
41b7a663-a364-4f16-958c-9cb8b821ff55,Jamie Duffy,jamie duffy
61af87f4-16ee-4431-8504-cc06187079fb,XXXTENTACION,xxxtentacion
0984b87f-cd86-4865-888c-ea1f30e99387,Alek Olsen,alek olsen
4843e5c1-c609-4450-bea3-c65783700032,Novulent,novulent
1386273c-5071-4c5d-8e7a-8df207a97c26,Nobu Woods,nobu woods
1c009a08-74d1-4682-bc56-8bfbe9e66b62,Jeremih,jeremih
,SYML,syml
,itssvd,itssvd
b1e26560-60e5-4236-bbdb-9aa5a8d5ee19,Post Malone,post malone
,Léo Foguete,léo foguete
b41b38d4-ef3e-4f37-8c75-cfe9af999696,Cage the Elephant,cage the elephant
382f1005-e9ab-4684-afd4-0bdae4ee37f2,2Pac,2pac
301b45a4-b8b9-410e-8344-4b4eaf96691a,Marshmello,marshmello
2f569e60-0a1b-4fb9-95a4-3dc1525d1aad,Backstreet Boys,backstreet boys
a7472b5e-9b6e-48a6-b910-37c940487086,Lucky Daye,lucky daye
,4batz,4batz
,Disclosure,disclosure
,Nu Aspect,nu aspect
e76382e6-0f72-453f-97cb-cb60d0570fe0,Rscl,rscl
70490f8b-0267-45a3-b81b-8991c425a4fd,Avoure,avoure
2e222fce-02ae-4221-b1c6-3c3242b423b6,ODESZA,odesza
,Cartoon,cartoon
e3492ea0-5997-4241-a7bf-2fd7fb1bfad1,Fetty Wap,fetty wap
381086ea-f511-4aba-bdf9-71c753dc5077,Kendrick Lamar,kendrick lamar
92da4329-77a4-425c-8e92-4280110cace9,Lil Peep,lil peep
5df148ae-78eb-495a-8a0b-d16f3105992d,Noah Cyrus,noah cyrus
7d577034-18d3-4066-85c7-157d3bcce6b5,Kxllswxtch,kxllswxtch
0df563ec-1a79-486e-a46d-5b9862a40311,Melanie Martinez,melanie martinez
56393a36-155f-4f50-adbe-45f4a26c40bf,Clara La San,clara la san
6143403a-df6c-429e-8ee6-ef869896b0da,Quavo,quavo
ac7e838c-3d95-47c2-92a9-81767ad7c217,Empire of the Sun,empire of the sun
,Curren$y,curren$y
c96fe2a8-2d31-4d26-a5ba-3f768a0417d0,Chase Shakur,chase shakur
,Ty Dolla $ign,ty dolla $ign
,Paperboy Fabe,paperboy fabe
63aa26c3-d59b-4da4-84ac-716b54f1ef4d,Tame Impala,tame impala
34557d8f-ee4a-44ab-ae6e-49bb8ac604d0,Cigarettes After Sex,cigarettes after sex
ea4dfa26-f633-4da6-a52a-f49ea4897b58,R.E.M.,r.e.m.
69837400-8e31-4949-aac2-00b46b4df126,Angus & Julia Stone,angus & julia stone
,NYXJVH,nyxjvh
,Wisteria,wisteria
b813183b-6372-41d1-bba3-23235a89a975,Renato Borghetti,renato borghetti
43f91959-8632-45f4-962c-8f422339966e,Bidê ou Balde,bidê ou balde
b0337af1-8d93-4671-b6c9-ba306bf942bf,Central Cee,central cee
93998e01-ff53-4af7-ba2a-5674adcdf21e,H.E.R.,h.e.r.
b29020d6-5dbf-4c99-b16f-c009f8a712ff,Steve Lacy,steve lacy
f4fdbb4c-e4b7-47a0-b83b-d91bbfcfa387,Ariana Grande,ariana grande
f6beac20-5dfe-4d1f-ae02-0b0a740aafd6,"Tyler, The Creator","tyler, the creator"
,KENN APOLLO,kenn apollo
d0c7656d-8169-4f77-9dbe-b8f24e40105d,Kali Uchis,kali uchis
01809552-4f87-45b0-afff-2c6f0730a3be,Elvis Presley,elvis presley
72c536dc-7137-4477-a521-567eeb840fa8,Bob Dylan,bob dylan
,Vinícius de Moraes,vinícius de moraes
390ff98c-0614-4927-8b94-db7b40a92bbe,Toquinho,toquinho
,LucidBeatz,lucidbeatz
,Dennis,dennis
,Beach Weather,beach weather
d8e07579-ff5a-41f2-b7a7-c71880b8287a,d4vd,d4vd
502cf908-9921-48bc-bf0e-265c881c0156,sombr,sombr
d1338719-b2e2-45d6-a457-671232f553d4,Hotel Ugly,hotel ugly
74928188-8b3d-4aaa-8c04-6f3af45d8c46,Teto,teto
,MD Chefe,md chefe
,Chris Brown,chris brown
100b8734-f4f0-4536-9960-47f7c59d1b4c,Gunna,gunna
01d3c51b-9b98-418a-8d8e-37f6fab59d8c,Sufjan Stevens,sufjan stevens
,Oasis,oasis
64b94289-9474-4d43-8c93-918ccc1920d1,Billy Joel,billy joel
eeb1195b-f213-4ce1-b28c-8565211f8e43,Guns N' Roses,guns n' roses
800760de-bdf8-43a2-8fe0-44a2401a5515,Young Thug,young thug
c98d40fd-f6cf-4b26-883e-eaa515ee2851,The Cranberries,the cranberries
,KayBlack,kayblack
c8e13148-c14a-4d07-95ef-f53d31e49e10,Rubel,rubel
,Los Hermanos,los hermanos
4bd95eea-b9f6-4d70-a36c-cfea77431553,Alice in Chains,alice in chains
83d91898-7763-47d7-b03b-b92132375c47,Pink Floyd,pink floyd
5182c1d9-c7d2-4dad-afa0-ccfeada921a8,Black Sabbath,black sabbath
b10bbbfc-cf9e-42e0-be17-e2c3e1d2600d,The Beatles,the beatles
859d0860-d480-4efd-970c-c05d5f1776b8,Beyoncé,beyoncé
e0bce080-b2b8-4140-a0f2-ccc886ffad8c,Filipe Ret,filipe ret
,Pineapple StormTV,pineapple stormtv
,BK,bk
,DJ Katrip,dj katrip
6cdf7825-577b-4689-92f9-4df5c8bafe4b,Chezile,chezile
89ea85c2-c90a-46ea-93db-9bed95d5c8f8,Surf Curse,surf curse
1882fe91-cdd9-49c9-9956-8e06a3810bd4,Sabrina Carpenter,sabrina carpenter
056e4f3e-d505-4dad-8ec1-d04f521cbb56,Daft Punk,daft punk
e0e1db18-f7ba-4dee-95ff-7ae8cf545460,Kid Cudi,kid cudi
9854d99f-d954-4c0f-9ae5-58a0cdd885f5,Crowded House,crowded house
a0723a3c-4135-438e-85c5-012712144ede,Don Toliver,don toliver
,Darci,darci
8970d868-0723-483b-a75b-51088913d3d4,Moby,moby
776dbbce-25aa-411e-b344-ac9067d39f17,SiR,sir
77b58baf-ad0e-4729-8890-16c894026716,Maneva,maneva
,Xamã,xamã
,Tz da Coronel,tz da coronel
,Veigh,veigh
3b38041b-47b5-4720-a3ac-be1ec51a80ae,Mc Pedrinho,mc pedrinho
,Mc Tuto,mc tuto
,GustXv,gustxv
,MC Menor da VG,mc menor da vg
,Perera DJ,perera dj
,Rich Fayden,rich fayden
,TENZOO,tenzoo
,MC Davi,mc davi
94bf0f2c-660a-4fb0-8cea-7f1816d7f057,Eamon,eamon
a21b2652-62ed-4767-a3d2-0aa802abf080,Chet Faker,chet faker
,alt-J,alt-j
fd1a2d9d-9bb6-44de-83a3-41560658aba9,Bill Withers,bill withers
c48d4327-8122-4286-af66-05e1ee6ac4d8,Mazzy Star,mazzy star
7c7f9c94-dee8-4903-892b-6cf44652e2de,Tears for Fears,tears for fears
47c8f88b-987a-4b64-9175-2b1b57809727,Billy Idol,billy idol
9e0e2b01-41db-4008-bd8b-988977d6019a,The Police,the police
,Lilly Wood & The Prick,lilly wood & the prick
163218c2-9e0f-4d2d-aecb-ebbdef6aab70,Robin Schulz,robin schulz
,J. Eskine,j. eskine
,Mario,mario
,MAZILI,mazili
,Ne-Yo,ne-yo
4be3b2fa-0b31-445c-babf-475944be8971,Mr.Kitty,mr.kitty
4da5b7b4-8f81-43fa-ada2-bb788ee506b7,Orochi,orochi
,ResenhaDaBlakk,resenhadablakk
650726c6-cda9-4fc6-aac5-291e8628dfdf,Yago Oproprio,yago oproprio
c3c82bdc-d9e7-4836-9746-c24ead47ca19,Mark Ronson,mark ronson
5263ef58-2c3d-40be-9146-d8192001f905,Chance Peña,chance peña
51c76d97-0635-433c-b26d-66beb81657f8,Lord Huron,lord huron
04bac789-bf59-4383-8ad7-799d20d969f7,Modjo,modjo
1138a764-2212-4d0a-b02d-0dc14df91e08,Akon,akon
8dd98bdc-80ec-4e93-8509-2f46bafc09a7,Calvin Harris,calvin harris
e21857d5-3256-4547-afb3-4b6ded592596,Gorillaz,gorillaz
,Vulgo FK,vulgo fk
870549f3-6266-496f-a019-5762aadb713c,Adam Port,adam port
e611313a-b5f6-42a6-90b0-00a1e0bf882c,Salvia Palth,salvia palth
6f1de078-6684-4792-820d-2ffad64c15ed,Two Door Cinema Club,two door cinema club
,Bob Sinclar,bob sinclar
,Mc Paiva ZS,mc paiva zs
,Loe Shimmy,loe shimmy
8ab5d936-49d1-415e-92c8-151e0e7dd912,A$AP Ferg,a$ap ferg
6d7b7cd4-254b-4c25-83f6-dd20f98ceacd,M83,m83
,noevdv,noevdv
,Mc Negão Original,mc negão original
,Mc Rodrigo do CN,mc rodrigo do cn
,MC ANJIM,mc anjim
,MC DB,mc db
,Clayton Santiago,clayton santiago
0b619a94-481c-40ac-abae-85f33f2b1588,Eyedress,eyedress
a6c6897a-7415-4f8d-b5a5-3a5e05f3be67,Twenty One Pilots,twenty one pilots
65f4f0c5-ef9e-490c-aee3-909e7ae6b2ab,Metallica,metallica
,Nilo,nilo
f59c5520-5f46-4d2c-b2c4-822eabf53419,Linkin Park,linkin park
bc710bcf-8815-42cf-bad2-3f1d12246aeb,Nickelback,nickelback
fabb37f8-eb2a-4cc1-a72a-b56935bbb72d,Three Days Grace,three days grace
9ccaca30-60aa-4890-ae6c-ab55225ee274,Lucki,lucki
9757ae7d-44b1-4d63-81ce-b463fe27b9ae,Joey Bada$$,joey bada$$
d44b92db-dd49-4636-abe8-7c381f90b7aa,Lil Tjay,lil tjay
37b2cb82-ef79-4d46-a184-a549450aa231,21 Savage,21 savage
3a75e7af-4b3c-4517-bcb2-b13588e2f60f,mokumoku,mokumoku
eec43ebc-815a-4105-b1cb-205b8f57b4fa,The Beautiful South,the beautiful south
dc84c3f5-a44c-4a46-bf41-fd1640e3c99d,Djo,djo
ad10c69c-0cae-4c27-934d-a02e4ecc9985,Cafuné,cafuné
2ddd167f-5b8a-4372-b350-6ad50493bac0,The Fray,the fray
5838185a-0ee6-4a0b-8d4e-76a6e15f7d4b,Zoé,zoé
,MC Meno K,mc meno k
deb485f6-8356-4fd6-bbd5-f72b3606d8a6,Kairo Keyz,kairo keyz
e0e1a584-dd0a-4bd1-88d1-c4c62895039d,Foster the People,foster the people
,MC KAKO,mc kako
,MC Luan da BS,mc luan da bs
,DJ VINI DA ZO,dj vini da zo
8444766a-cced-4a94-abcc-baf67ea97b03,MC L da vinte,mc l da vinte
,DJ WS DA IGREJINHA,dj ws da igrejinha
,Dj Faisca,dj faisca
,Mc Kaio,mc kaio
9fdaa16b-a6c4-4831-b87c-bc9ca8ce7eaa,The Who,the who
,Gravagerz,gravagerz
bca63b5d-a28c-4937-a8f4-e3f2d95426e1,Masego,masego
edf81f9b-d3f0-4d57-9636-d08e851b1640,Bazzi,bazzi
,Mc IG,mc ig
,Ana Castela,ana castela
,Giveon,giveon
1a663c61-8b39-4fcd-bb12-bf8bc07d818b,Zé Neto & Cristiano,zé neto & cristiano
,LaVern,lavern
320ceeb4-a285-4d64-a41d-2de86c4505cc,Spada,spada
47e10b14-4b74-4650-bc2b-34424c1c6bcb,Odeal,odeal
,Zayn,zayn
401c3991-b76b-499d-8082-9f2df958ef78,Phil Collins,phil collins
a3cb23fc-acd3-4ce0-8f36-1e5aa6a18432,U2,u2
efc5d365-a448-4e2f-9b5f-4a7c84be725c,Wizkid,wizkid
2fa0d3ac-b64c-401a-b0a1-4915ba6cc157,Hoobastank,hoobastank
,Essiyas,essiyas
4010c5d1-d394-46ce-bbaf-61f28d7062c3,Palastic,palastic
eead7215-59da-45f5-b719-62f349ef4133,Hugel,hugel
1692d331-89cb-4ede-9f3b-ac7544d782df,Gordo,gordo
,jend,jend
17978ff5-140c-43b7-85c6-d602a88af6c4,Vintage Culture,vintage culture
,MC Tairon,mc tairon
,DJ GBR,dj gbr
,DJ Matt D,dj matt d
9f846b2d-aba1-427c-a3d6-8d784286fa48,Lambo4oe,lambo4oe
,Kerri Chandler,kerri chandler
,Ash,ash
ea10b166-ba8d-460a-9080-d53bc90a9c2f,Gibran Alcocer,gibran alcocer
ac9a487a-d9d2-4f27-bb23-0f4686488345,Lil Wayne,lil wayne
,Abel Takan,abel takan
2690d68d-845f-4f99-8ecb-fc5f930786d4,Tyde,tyde
2708ce78-2e3b-4ca8-a80c-d465926f92df,Kyle Watson,kyle watson
,Sian Evans,sian evans
b504f625-4ef6-4a5a-81e8-870a61e8dc9c,Ja Rule,ja rule
db76c5ca-d555-4f09-b1db-baa1b713d875,Mary J. Blige,mary j. blige
a796b92e-c137-4895-9c89-10f900617a4f,Destiny's Child,destiny's child
3414d446-735a-443c-931f-10634f57e5b9,Usher,usher
,Mario Winans,mario winans
f86ad12e-d8f2-4505-84a9-3c82fb3291ff,Dashdot,dashdot
,Dezko,dezko
,ItsArius,itsarius
,Memphis Depay,memphis depay
1aa9710b-413d-49ec-91b3-3ef403bf581f,Avaion,avaion
ab2d6faf-8bfc-4f8f-b838-e27499701d79,DJ LC,dj lc
6060d1bb-94f8-4863-89b9-425487f2f6b2,Duke Dumont,duke dumont
10e8f0df-90f9-4957-aedd-c4e0d187e3a8,Bicep,bicep
,Kasino,kasino
2547c5e3-314c-4332-981d-f18c902a4086,John Summit,john summit
,Shiloh Dynasty,shiloh dynasty
,SAGUN,sagun
,LUUV.,luuv.
,Axleh,axleh
,LRN Slime,lrn slime
67f66c07-6e61-4026-ade5-7e782fad3a5d,Foo Fighters,foo fighters
00034ede-a1f1-4219-be39-02f36853373e,O Rappa,o rappa
,Febre90s,febre90s
,Yung Bleu,yung bleu
73fdb566-a9b1-494c-9f32-51768ec9fd27,OutKast,outkast
,Vanessa da Mata,vanessa da mata
,Travi$ Scott,travi$ scott
,Russ,russ
,Miami XO,miami xo
8389ff77-a7a4-4ba4-bf1b-17ded47d41a1,Suki Waterhouse,suki waterhouse
6f2c949d-9540-4421-bf02-27ae27e00e33,Ice Spice,ice spice
197450cd-0124-4164-b723-3c22dd16494d,Frank Sinatra,frank sinatra
83b9cbe7-9857-49e2-ab8e-b57b01038103,Pearl Jam,pearl jam
a7f06979-b4bb-42c5-b434-9334de7c7019,MC Hariel,mc hariel
20d49152-11a2-4e55-8251-0d11dc6424fa,Larry June,larry june
9e6a6a2f-f696-4cc0-87f1-e4f712e46802,Yeat,yeat
,CHARBO,charbo
c07f0676-9143-4217-8a9f-4c26bd636f13,My Chemical Romance,my chemical romance
a16371b9-7d36-497a-a9d4-42b0a0440c5e,Slowdive,slowdive
fe83acee-f465-4cd5-a6b0-9b1f946a335d,Cícero,cícero
,selker,selker
,Lucas Dekker,lucas dekker
8d022a94-8933-493f-babc-366c8c8445e9,Tim Sanders,tim sanders
,Paleface,paleface
b91bbe66-4b63-43b7-837c-bf006c4206ac,ogryzek,ogryzek
,NOVAX,novax
8538e728-ca0b-4321-b7e5-cff6565dd4c0,Depeche Mode,depeche mode
0383dadf-2a4e-4d10-a46a-e9e041da8eb3,Queen,queen
73d297e2-3d99-4c9b-8dd6-3dccd0da0d08,Phill Veras,phill veras
,prod gomes,prod gomes
51cbf154-4b7f-4ec5-86a7-d269ae7d101a,James Hype,james hype
b38225b8-8e5f-42aa-bcdc-7bae5b5bdab3,King Crimson,king crimson
708c8fe9-af4f-4f3f-9c34-986c0b97caa3,New Constellations,new constellations
e22d2f66-881e-41ca-9356-544697ee5f90,Etta James,etta james
,The Noise,the noise
,Ale Sater,ale sater
f81f19b9-c76e-43ac-8656-bb56071785fb,Marisa Monte,marisa monte
dc3dbfc1-f1f1-49c6-9d7c-425fabf3ae12,Apparat,apparat
73261708-c1b4-4799-a828-217bbcc50935,Seu Pereira e Coletivo 401,seu pereira e coletivo 401
181dfdaf-0284-4432-9424-e19316b40b12,Papatinho,papatinho
,dexhenry,dexhenry
,DJ Cz,dj cz
33ca19f4-18c8-4411-98df-ac23890ce9f5,Ellie Goulding,ellie goulding
f9133869-f87c-459c-9aa7-2f176cda7e06,Tate McRae,tate mcrae
f7441bc7-d7de-4813-a2fc-31a4033d396d,Gracie Abrams,gracie abrams
ca1dcba2-792c-4550-abf2-7b45396e81ca,bôa,bôa
,Eslabon Armado,eslabon armado
af1b83bb-3edc-4443-b771-67a1d235e82b,Junior H,junior h
d570bb31-b9ca-45a4-a2d9-11b186d9c159,Wham!,wham!
494e8d09-f85b-4543-892f-a5096aed1cd4,Mariah Carey,mariah carey
,Fleetwood Mac,fleetwood mac
a8e6fa67-6974-435c-9e45-287508fb7880,Oimara,oimara
,Manu Pilas,manu pilas
718bff1f-1653-4c17-8230-f52654b0987e,FERDI,ferdi
,Berlioz,berlioz
846482ac-d4c4-4286-8002-b14a601d8ec0,Rose Royce,rose royce
,LOOPGARDEN,loopgarden
,M25,m25
,gio mkl,gio mkl
,Roman Nasenmensch,roman nasenmensch
23a0248d-053f-4505-8335-7393bb961be4,Saphir,saphir
5ca7f34d-ca16-4dab-98b5-f9365dbbfc94,Tream,tream
,undeadprincess,undeadprincess
e554daf4-4ad0-438f-a7f9-832519451fd2,Cazuza,cazuza
,Ms. Lauryn Hill,ms. lauryn hill
38f0c7ac-46eb-49ca-b3ab-c785ccd05a60,TV Girl,tv girl
dc99e6fd-c710-4f79-b74b-127b4d0b7849,Labrinth,labrinth
,Everything But the Girl,everything but the girl
,Numb The Pain,numb the pain
,Scammacist,scammacist
,haven.,haven.
07cc14fb-4784-4a25-804b-2686ed5ef52c,The Game,the game
97b20fe3-0924-4a5f-9955-d0b5c5f9587f,Santigold,santigold
c74a9a82-29bf-486d-bf93-b4516ac3e338,Temper City,temper city
eeb8f0ac-1774-412f-88bf-476036c68235,MRK,mrk
4c588c91-57a9-4809-a476-a6f804ccff40,Wander Wildner,wander wildner
692ea437-1333-40ee-bf00-35e74790041c,Los Palmeras,los palmeras
c3cceeed-3332-4cf0-8c4c-bbde425147b6,Scorpions,scorpions
070d193a-845c-479f-980e-bef15710653e,Prince,prince
,Jaÿ-Z,jaÿ-z
35dac7d2-0b1f-470f-9a5a-c53c8821f6d6,Eric Prydz,eric prydz
0e55d4b1-6a3e-4565-accb-e1da78e83ff3,F3miii,f3miii
,Dezza,dezza
2d098124-cb9d-4e80-992f-47e47c405452,Tinlicker,tinlicker
de86067d-e5a5-4f2b-aaff-70014d7cef13,Emmit Fenn,emmit fenn
,Theo Croker,theo croker
,Dj Duarte,dj duarte
,Prod.Nifour,prod.nifour
,DJ Exe,dj exe
360ad670-f4da-4fc5-9432-a800f7d68bb2,Bovski,bovski
,Fuzion,fuzion
,Shankz,shankz
,Nate Band,nate band
c055a36c-f41c-487e-ad6d-fec8318af336,Ian Asher,ian asher
1815bf5a-e50d-4f83-b6a9-47c8da6e8c07,Oskar med K,oskar med k
,Ecchi.mp4,ecchi.mp4
,Myles Lloyd,myles lloyd
0ef1dab1-4419-418e-90e7-14ce7a56bec7,Traitrs,traitrs
,Future Nobodies,future nobodies
6d4e9b5d-a308-4b5b-aaba-d83b7433de44,Glaring,glaring
,Flowerbabe,flowerbabe
405f339f-eac9-4519-9f51-c397a2b7851b,Bragolin,bragolin
8f6bd1e4-fbe1-4f50-aa9b-94c450ec0f11,Portishead,portishead
,Avstn,avstn
,Lynnic,lynnic
c472a9d5-1796-451e-a747-033dd54a82b3,Morgan Seatree,morgan seatree
77056a7b-7480-4929-bc2f-348b9cb5c377,Bl3ss,bl3ss
,Sam Cliffe,sam cliffe
,Brown Eyed Girl,brown eyed girl
,DJ GUSTOMARES,dj gustomares
37547347-ea75-45fa-9766-ff36b44d8147,Isaiah Rashad,isaiah rashad
2db3ee6e-8602-48cc-98a6-cdfd3dd6bbdf,Asal,asal
,Twxn,twxn
40f5d9e4-2de7-4f2d-ad41-e31a9a9fea27,The Smiths,the smiths
160629ab-ec18-4931-8c95-02cb92d06186,Foreigner,foreigner
8f64d6ea-3f6c-408c-b2e0-e5334b28dae9,Panchiko,panchiko
,dnovaees,dnovaees
94c4459d-4c35-4bc6-8bca-c75107515c1c,Kenya Grace,kenya grace
231b2ccc-dafc-4f2d-af41-d70198bc15c4,Vitor Kley,vitor kley
f197a8df-ac2b-4e78-9913-4abf13741f12,Os Paralamas Do Sucesso,os paralamas do sucesso
,Sotam,sotam
,Racionais MC's,racionais mc's
,Yuri Redicopa,yuri redicopa
,Videoclub,videoclub
0218d460-570d-4227-b295-89735e37b959,Wafia,wafia
772a0eb3-fe31-4a08-b583-690296f44900,Clams Casino,clams casino
,Champions League Orchestra,champions league orchestra
,UEFA,uefa
ad79836d-9849-44df-8789-180bbc823f3c,Antonio Vivaldi,antonio vivaldi
10c07fca-2678-40b6-9644-cde68d3e9554,Peter Fox,peter fox
,Tito Double P,tito double p
75e4f8ef-34c3-44fd-8467-88a7d9599f77,Peso Pluma,peso pluma
dc1c4d9b-80ab-452b-b316-f201915b29db,Neton Vega,neton vega
81a9fcc1-a954-4749-90d8-5a39001d18ad,Ivan Cornejo,ivan cornejo
,The Fuzz,the fuzz
4503b6bc-6f1b-4d6c-8776-60eb1abbd15d,The Dramatics,the dramatics
facb97f4-4674-40d0-b060-433e9a1a49cb,Barbara Lynn,barbara lynn
,Dj TG Da INESTAN,dj tg da inestan
,Zairon,zairon
,tarisiix,tarisiix
,Zaghini,zaghini
,DJ KEVIN.xpj,dj kevin.xpj
00cf7ec3-56a7-4bd9-9f1b-1a151b0b2faf,Oscar Maydon,oscar maydon
03f97204-818e-45e0-b3d5-1108a52789ba,Valerie Simpson,valerie simpson
8bfac288-ccc5-448d-9573-c33ea2aa5c30,Red Hot Chili Peppers,red hot chili peppers
13655113-cd16-4b43-9dca-cadbbf26ee05,Nelly Furtado,nelly furtado
,88-Keys,88-keys
a536dd07-131b-48ef-ab47-141b752ba082,Free Nationals,free nationals
d75d1f08-bbb8-4eae-9877-399ca9121197,Mobb Deep,mobb deep
505cc7ac-b92c-46dd-94f2-e22b18fdcf57,Paul Wall,paul wall
,Air,air
8f47ae55-9321-49f1-b40b-b4e0674b9279,The Sundays,the sundays
,The Five Stairsteps,the five stairsteps
8ed919fb-eaee-45a1-ba99-b3ede9ca5f1d,Pierce the Veil,pierce the veil
9ccc64ad-65d6-48d4-9514-9786ad3e2ac9,Big L,big l
a8754ac4-a85e-4f48-a81f-eecd482570ef,Three 6 Mafia,three 6 mafia
0c91c655-444e-4ae7-a0a0-9e9cb160301c,Gotts Street Park,gotts street park
3d254f1e-7d18-431b-baeb-68e57695dfdb,Blood Orange,blood orange
e7990ab6-0dbe-4438-a7dd-ef0fb1c5b302,Kate Havnevik,kate havnevik
cabfaada-95ac-479c-9af3-01fcdc510ecb,Void,void
3c9b356d-d1db-4f4e-a7a3-2d00c1d70255,Kurt Cobain,kurt cobain
,Diplo,diplo
,Antonio Banderas,antonio banderas
,Calle 24,calle 24
,Alta Consigna,alta consigna
41925f30-8737-4fb8-af65-da918c0e98f3,Natanael Cano,natanael cano
de22adae-f8ac-414f-b653-b0162611bd60,KAROL G,karol g
ae14bfa4-cd8b-40ad-beb3-b5e812cd3b48,Grupo Marca Registrada,grupo marca registrada
,Nivel,nivel
,Stwo,stwo
,&ME,&me
,Lil Baby,lil baby
bf24ca37-25f4-4e34-9aec-460b94364cfc,Shakira,shakira
,Disney,disney
,Jason Derulo,jason derulo
2cd9053a-30d7-4026-8ff1-60304a5a08cc,Turkish Delight,turkish delight
,Moayad Aljabal,moayad aljabal
7f732663-8205-482b-9457-73ff0aa4603c,WOEST,woest
cdf2c4db-a712-4ea1-a214-ff87845b0d19,We Lost the Sea,we lost the sea
,We are not friends,we are not friends
1f381976-ea4d-47f0-badc-31e2223b382a,Krobak,krobak
,Família Madá,família madá
a6a4c910-2b22-4a6f-aebe-805b176c47b8,Fat Joe,fat joe
,d3puu,d3puu
b77a873a-9faf-4f59-81b4-9b247ca911f3,REID,reid
75fbed06-2847-42c4-a266-4696a00e6852,Marten Lou,marten lou
1d7f250c-b125-4bdf-81d8-6a043492cb0b,Anderholm,anderholm
,Nico Morano,nico morano
,Alessandro Pierozzi,alessandro pierozzi
,Andfølk,andfølk
6c2a79b8-2b5c-4c2d-b495-6a446811bf9d,Malcolm Todd,malcolm todd
6925db17-f35e-42f3-a4eb-84ee6bf5d4b0,Olivia Rodrigo,olivia rodrigo
e665ce26-6ce9-4c42-8f6a-7a361a0ba328,Fuerza Regida,fuerza regida
2074c77f-f3d2-440f-a32c-35a62ae851a9,emmanuellcortess_,emmanuellcortess_
1c46e82f-4764-4d82-a33b-5d5aee5e2881,Fergie,fergie
,Geral do Grêmio Oficial,geral do grêmio oficial
,TEC,tec
,Jden Ray,jden ray
134cb0bc-06fa-42f7-8078-b0c858349975,Jack Harlow,jack harlow
,Maz B,maz b
7a3970c9-ecd8-4eee-a267-4d8c77d97ff3,The Marías,the marías
287cb25a-9b05-474c-9ad1-38046a46c37f,Strawberry Guy,strawberry guy
,Sports,sports
b1570544-93ab-4b2b-8398-131735394202,Crystal Castles,crystal castles
,Sabotage,sabotage
,Hxnry,hxnry
e8bd5b47-e8b4-4671-a9f6-590a92e88898,Dean Blunt,dean blunt
,Mc Magrinho,mc magrinho
,DG e Batidão Stronda,dg e batidão stronda
a021225f-6b8b-47ee-bdfe-67d97447348e,ConeCrewDiretoria,conecrewdiretoria
0bfba3d3-6a04-4779-bb0a-df07df5b0558,Stereophonics,stereophonics
437a0e49-c6ae-42f6-a6c1-84f25ed366bc,Bon Iver,bon iver
f4d4b515-0b74-423f-a161-db184330c37c,Gym Class Heroes,gym class heroes
dc6d2ba1-012c-47a7-ba3f-d74e76c30d53,Charles Bradley,charles bradley
9bdec9ef-d4a4-4019-bcc4-ad2bd87a35c4,Lithe,lithe
ba0d6274-db14-4ef5-b28d-657ebde1a396,The Smashing Pumpkins,the smashing pumpkins
,Silver Panda,silver panda
f57fae16-a63e-4ac0-ad66-1c4a38491db2,Thee Sinseers,thee sinseers
,Iron Maiden,iron maiden
7a8dbe84-f4c0-4457-bfa3-edced1f8cde0,Antônio Carlos Jobim,antônio carlos jobim
837555ba-012e-45f1-9a9c-9628da13ee54,Ben E. King,ben e. king
393e5448-896f-43e9-b80b-4ee58e1e71a4,The Ronettes,the ronettes
fb7272ba-f130-4f0a-934d-6eeea4c18c9a,Al Green,al green
4d8afa16-4018-4ca8-8b5e-ede8f9314562,The Animals,the animals
678d88b2-87b0-403b-b63d-5da7465aecc3,Led Zeppelin,led zeppelin
,Natiruts,natiruts
,CK The Spitta,ck the spitta
,Aaron May,aaron may
,Moschino Jones,moschino jones
,Onze:20,onze:20
6da1b206-9470-43f4-acde-6da9f5ef22f1,Casuarina,casuarina
9ba3851f-f334-4ee2-ba73-23b0806d66d9,Gilsons,gilsons
fcb0ce5b-2b2d-4400-a672-f6354d1dac5f,Noah Yorke,noah yorke
864558ef-fa97-46f8-b4ad-bab15b370538,dog silent,dog silent
3abeb2e4-a691-4668-88d6-f7be0d23b21c,SWEET SPINE,sweet spine
5900600e-9614-44fa-b481-ce01177d4b2d,Henrique & Diego,henrique & diego
,Jr. Hi,jr. hi
020bfbb4-05c3-4c86-b372-17825c262094,Audioslave,audioslave
589e6ebd-9896-4ca5-923a-14ee0845edbe,SUNDAZER,sundazer
a66999a7-ae5c-460e-ba94-1a01143ae847,Snow Patrol,snow patrol
c97c748f-d375-41a6-875d-25843f73ba6f,SOJA,soja
3b4cd16e-3a25-4c7b-ada6-33f5ea91e1b1,RY X,ry x
ab2528d9-719f-4261-8098-21849222a0f2,Stromae,stromae
60e0ba6c-b67e-44c0-b777-be65d42ef909,Tamino,tamino
,Morpheus,morpheus
8f69658d-7403-4f3b-88ae-ea918a594f11,Meryem Aboulouafa,meryem aboulouafa
302bd7b9-d012-4360-897a-93b00c855680,David Guetta,david guetta
257891db-1f69-4660-894d-075e355431a8,Edward Maya,edward maya
,The Notations,the notations
d15721d8-56b4-453d-b506-fc915b14cba2,The Black Keys,the black keys
,Rodrigo Amarante,rodrigo amarante
517d4aa1-ac03-4c7b-9311-0a249c9015b3,Enamour,enamour
85045115-b439-41d9-bcce-6b4a031ed4bf,Angara,angara
,Johnny Cash,johnny cash
,Jovem Dex,jovem dex
,1Kilo,1kilo
,Dj Paulin,dj paulin
7e576af7-21e0-4926-bada-135d16a3e5ad,ThxSoMch,thxsomch
2290ae2c-536d-4aa3-aa58-93a03c70a27e,WIU,wiu
1fa3bded-908f-47be-9784-3c9ef850682b,Oliver Tree,oliver tree
223e900d-d7a4-49dc-a018-95c5700ae750,Cristoph,cristoph
80d3a28d-9ccc-47fc-a2d7-5ea205479964,Kaz James,kaz james
61314ff2-7b52-4296-a0b8-af61dc08bdd1,CamelPhat,camelphat
,Lynyrd Skynyrd,lynyrd skynyrd
ba7c9491-4fac-440f-8684-ae6afb4f20a9,Chris Travis,chris travis
,&friends,&friends
,Nitefreak,nitefreak
,Gianni Romano,gianni romano
0ebde08a-f665-4fa3-836e-801fee8f0137,Texture,texture
fed1c18c-58d1-4473-a96b-ee8787dc4c21,millkzy,millkzy
,GRiFF!,griff!
a8806b5c-3ee0-4277-94d3-1a5427a7707c,Gary Moore,gary moore
4fe5e35a-4c41-4431-91d8-3d37813d9df8,MC Kevin,mc kevin
,T-Pain,t-pain
3c94de1f-5523-418c-81a6-11020be87257,La Rocca,la rocca
4c41d78d-9dd5-430d-81ea-286052158293,Peggy Gou,peggy gou
,Jacob Vallen,jacob vallen
07d0e0b3-dea4-4892-bee7-eaad19d093ec,Two Feet,two feet
,Adi Medici,adi medici
,Yusuf Can Tuna,yusuf can tuna
e2d1f228-3aff-4e6d-8932-032f4036131b,Route 94,route 94
97e69730-3791-423b-9770-287261588854,Alessia Cara,alessia cara
67e97898-3bb5-412a-a51e-95a7b59a1bef,Ney Matogrosso,ney matogrosso
026128bb-a1c3-49cd-bdb0-3526057d3f32,Marina Lima,marina lima
,The Flamingos,the flamingos
5222714d-21ee-4061-87f7-c749f1586790,Ritchie Valens,ritchie valens
81dee823-aaa3-4da0-bffe-ac9b21ef5ad6,You'll Never Get to Heaven,you'll never get to heaven
e897ca8f-03ff-4405-9cf2-c71ab2950ddb,EKKSTACY,ekkstacy
,Omen,omen
32a2989f-d5cb-48bc-9907-15eee26d00c8,Liniker e os Caramelows,liniker e os caramelows
654d48fb-4fe4-472d-81e6-039e54f2f27b,SoFaygo,sofaygo
3d2b98e5-556f-4451-a3ff-c50ea18d57cb,Aerosmith,aerosmith
21137b4f-85b6-4c7e-8840-d9ab5483891f,Hannah Cohen,hannah cohen
000fc734-b7e1-4a01-92d1-f544261b43f5,Cocteau Twins,cocteau twins
,Kodak Black,kodak black
,Luan Pereira,luan pereira
07ab04d4-bdbc-4c93-bfb2-457693a4ff94,Sheck Wes,sheck wes
56756959-1e78-429c-b897-e1d056cb0225,Tove Lo,tove lo
dacc2d64-7e59-42a8-87a9-10c53919aff2,Clean Bandit,clean bandit
79f4cd8c-5ca9-4132-98d0-ee59e8a28ddb,Shelly,shelly
071409d0-ce21-4f03-a111-aec4dbc1590d,Erika de Casier,erika de casier
cddb9dd6-f891-48ac-8d06-e6caf620d0c5,Marvin Winans,marvin winans
,Cults,cults
25ab7547-a4d2-480b-b028-c7f3497bc858,Men I Trust,men i trust
ce4a1c08-6912-423f-bf6c-97ce69f5e89f,Faye Webster,faye webster
4b913922-5cc8-4d9a-bbd8-19d7f9fa0cd5,SMERZ,smerz
cb3a4cc5-9c8b-4dfc-b37f-5c0d65797aa8,Fine,fine
773bc0c0-a4ae-45a9-b71d-356174b67c08,JMSN,jmsn
,Dirty Sanchez 47,dirty sanchez 47
a633ebb5-b81a-400f-b5df-0e625ea81fe9,Conway the Machine,conway the machine
,Boldy James,boldy james
,Reason,reason
03f3deb7-0419-4bf9-a1e7-511946385717,The Alchemist,the alchemist
,Carola,carola
,LP,lp
31bcadcc-e1da-4cad-bec8-2f4f1d41b095,Meek Mill,meek mill
2f0c072b-8fb0-403a-9fd8-03c1c9771312,Bin,bin
,Distrito 23,distrito 23
21645c31-fe1c-45a4-955c-3e172b12c3f9,Freddie Gibbs,freddie gibbs
4159ac30-ecce-43a6-b200-b48801968e30,Wisp,wisp
496100ef-b264-4b7b-9d7c-bf90a2f9c9ef,Spacey Jane,spacey jane
aef06569-098f-4218-a577-b413944d9493,HAIM,haim
b3b223a5-61a1-488f-b003-10edbaf632a3,Hannah Jadagu,hannah jadagu
,Kevin Abstract,kevin abstract
e2c00c56-8365-4160-9f40-a64682917633,Goo Goo Dolls,goo goo dolls
51f8de5b-2e13-48ef-b6b9-0c5a1cf07262,Banda do Mar,banda do mar
ce1509b1-fc1a-4b0a-aeb3-36cbf9cc11fb,Pitty,pitty
,april27,april27
68fc9097-a2c9-4b49-94e2-009047a67a98,Frejat,frejat
75a72702-a5ef-4513-bca5-c5b944903546,John Legend,john legend
455aca99-38f3-47cb-aa6b-820cf9de3c91,Blue Foundation,blue foundation
cfbc0924-0035-4d6c-8197-f024653af823,Nas,nas
bb6eaced-69dd-4636-829f-9f987acc4fc3,The Temper Trap,the temper trap
1802f74a-21e5-44f4-9da5-8ea3ac6ce34c,Seafret,seafret
b83bc61f-8451-4a5d-8b8e-7e9ed295e822,Elton John,elton john
0ef3f425-9bd2-4216-9dd2-219d2fe90f1f,Lenny Kravitz,lenny kravitz
95e1ead9-4d31-4808-a7ac-32c3614c116b,The Killers,the killers
7bb68d31-2d82-4a1c-82e7-4ae3d122e5d9,Anavitória,anavitória
777a21a8-0d0f-4cf3-86b4-65bc0eba5649,Staind,staind
311e7141-051a-40bc-bce5-7998b6c869ee,Jorge & Mateus,jorge & mateus
99329c41-2069-4c12-8e8c-035fdf5127a5,Henrique & Juliano,henrique & juliano
,Barrie-James,barrie-james
56c4b861-0922-4c3a-a9b9-3bfcb00f8274,Zedd,zedd
85f11607-6ed7-4a36-af69-dcadd32ad277,Regard,regard
,Bellini,bellini
71d58182-aa37-4c04-b21a-efe46ea0f221,Chris Stapleton,chris stapleton
51e90731-08c0-4f60-89b6-5b78e5844de8,Zach Bryan,zach bryan
c20ee61f-071f-4e65-9c81-45ee931a54ce,Luke Combs,luke combs
623977a4-2525-4668-8966-f255dd19700e,Alison's Halo,alison's halo
49302df8-9e4f-42ed-8a9c-5d6f8d6cb83c,Black Box Recorder,black box recorder
4894105f-b3f2-469f-bdf2-67b9eb2d60a8,Lewis Hanton,lewis hanton
,skyemane,skyemane
,DreamSoda,dreamsoda
b631ecd0-ba91-4bd4-9352-94d0174a68d5,Ishu Music,ishu music
,Prod. 94,prod. 94
f27ec8db-af05-4f36-916e-3d57f91ecf5e,Michael Jackson,michael jackson
,800 Cherries,800 cherries
1154d345-8061-4d04-a52a-6214288523ac,Title Fight,title fight
850a8b03-98a7-4fd3-afbd-5e5520b4ef5f,Conan Gray,conan gray
3f962bf0-42a0-45a0-830f-07b66301d35f,Rita Lee,rita lee
751e517d-9663-4692-8c20-942e16d484c5,Djavan,djavan
b1168a9c-a946-4a5c-a005-62fc632dfa0c,Team Sleep,team sleep
56eb02c4-1f16-4613-8bb3-b4a752283fc3,Loathe,loathe
,Adriatique,adriatique
ba033b22-2734-434b-a339-584cc8adf2c6,Now United,now united
9c9f1380-2516-4fc9-a3e6-f9f61941d090,Muse,muse
4d7304f6-7fe3-4959-9d98-01a5af84afe6,Trey Songz,trey songz
5fc55ebf-21bd-4eda-954c-dd250132331e,Mariah the Scientist,mariah the scientist
23b19bc5-813e-4456-bbae-ac3ca118f535,Sault,sault
2944824d-4c26-476f-a981-be849081942f,Nina Simone,nina simone
69d9dfd7-19b7-4a75-8a53-9f733fb5d774,Leon Bridges,leon bridges
72034a05-bcd8-40c2-8255-3ee4ac0e7ef0,Maribou State,maribou state
2303f592-119c-4ca7-b8fd-819c5ac5667d,Dawn Penn,dawn penn
b017a7ae-e5ee-4675-bb13-c83346134971,Nouvelle Vague,nouvelle vague
54926119-2bc8-4a80-9bd1-6cc678dc723f,The Meltdown,the meltdown
f969f986-97df-4fa0-8cef-ffccd098ff50,Koop,koop
,nagalli,nagalli
ac0c3fb2-e17e-4612-9704-ba6975d25b98,FlyingFish,flyingfish
,Prelow,prelow
dbd44897-b9e6-445d-8aca-25e1c2405f51,The Technicolors,the technicolors
,Shawlin,shawlin
871fe26f-544d-4275-a5dd-af5442d15b92,Pinegrove,pinegrove
cc7d4686-ea02-45fd-956e-94c1a322558c,Lykke Li,lykke li
c48ab37a-e9ee-491c-b370-e4cb8061ebb7,Tyrone Davis,tyrone davis
b66eabe3-ed6a-406b-821f-70b395cf791e,The Temprees,the temprees
0a4c7d0c-ffca-45a0-bfac-b328c4f0d219,Delegation,delegation
e547ca1c-f9fb-46fb-aee7-9a300622b513,William Devaughn,william devaughn
91cfbe94-7fc3-4bcc-9d95-767d87ac2ae5,Barbara Mason,barbara mason
63cf3f92-cf2a-455c-97c5-3ff9aa105f42,The Originals,the originals
,Bloodstone,bloodstone
,Jorge Ben,jorge ben
195ddaa1-f1e4-4960-a107-58d26cb058a2,The Handsome Family,the handsome family
,Reed Wonder,reed wonder
8bc01b58-4276-46df-a507-0f4a02fdbdb9,Elias,elias
,The American Dawn,the american dawn
8456e9f7-debf-4579-a86c-33a325a35d2d,Chevelle,chevelle
f4a31f0a-51dd-4fa7-986d-3095c40c5ed9,Evanescence,evanescence
081a2d60-9791-4e05-a075-f1890355eeee,DJ Khaled,dj khaled
132d5406-ad6a-42bf-9e2c-a78cb4a70e07,Khamari,khamari
4587105d-7469-480a-9ed5-1513af9a91c9,Jordan Adetunji,jordan adetunji
,trxndsetter,trxndsetter
,New West,new west
,Ricky Hil,ricky hil
395cc503-63b5-4a0b-a20a-604e3fcacea2,Men at Work,men at work
4433fbe7-80bc-427f-8647-9420ac51cc2c,arya x,arya x
780bef1e-bc48-4635-9859-23e1d52ec669,Alan Vuong,alan vuong
,Nocturnal Sunshine,nocturnal sunshine
,Baki,baki
f36c9f8c-5029-4180-b7e7-5b3e74c0c8b4,ivyson,ivyson
a2361c7d-ddb6-41c1-a9a0-be09fbbb8d21,Isaac Hayes,isaac hayes
c85cfd6b-b1e9-4a50-bd55-eb725f04f7d5,Avicii,avicii
a7229e38-bab7-48c1-9f35-9b4c49738b0f,Galantis,galantis
,Schnarker,schnarker
dbf9177d-6b5f-4de8-b457-61fc73fbe543,Sebastian Ingrosso,sebastian ingrosso
,Reflekt,reflekt
2c5e2a98-d9ea-46b5-9618-d9bb4863a920,George Ezra,george ezra
,Marino Canal,marino canal
,Echonomist,echonomist
f7354ad9-b736-4273-b1d0-3f440347ff18,Giolì & Assia,giolì & assia
563201cb-721c-4cfb-acca-c1ba69e3d1fb,Gerry Rafferty,gerry rafferty
c7c9fa4d-262b-45c1-9477-237849654948,Erasmo Carlos,erasmo carlos
f46bd570-5768-462e-b84c-c7c993bbf47e,Eagles,eagles
3abc3eb1-7318-41d2-a52b-cbe14a14d8a0,Gustavo Santaolalla,gustavo santaolalla
7c158ea8-c0aa-410e-bdc1-20bba9759577,The Cinematic Orchestra,the cinematic orchestra
,ilyTOMMY,ilytommy
cda86e8a-a26a-4b3a-959c-bc9f8a88a1c1,Nando Reis,nando reis
,a-ha,a-ha
ce09ea31-3d4a-4487-a797-e315175457a0,Tyga,tyga
0c6b8d7a-2772-4a27-9ac0-91d10453555e,Hollt,hollt
,Housekeeping,housekeeping
,Lost In Blues,lost in blues
1d11e2a1-4531-4d61-a8c7-7b5c6a608fd2,Ice Cube,ice cube
6dd7065b-cf22-4698-b4f1-ddc0b3168dac,Miilkbone,miilkbone
7ad4ef1c-4f82-4755-a74b-94cd3096d221,Player,player
7944ed53-2a58-4035-9b93-140a71e41c34,Sting,sting
3a558793-98d2-4b42-aff6-a22ab89bd6f3,Trio Mocotó,trio mocotó
7ad79523-97fc-4052-83b1-53d4cb344a69,Phoebe Killdeer,phoebe killdeer
944ac30d-4bb0-4321-9267-4c484385281b,Sabrina Claudio,sabrina claudio
5b9890b9-a2e8-4768-ad70-9f28bb81fc00,Asaf Avidan,asaf avidan
,Bratia Stereo,bratia stereo
75be165a-ad83-4d12-bd28-f589a15c479f,Major Lazer,major lazer
,Moat,moat
,Gunter Kallmann Choir,gunter kallmann choir
d226c337-ab8f-4409-9010-fb0d58e7cf69,Hippie Sabotage,hippie sabotage
61a57a2a-4c7f-4b41-8109-1070a9c32242,Novo Amor,novo amor
c4efd92a-5692-41d5-91bb-b23d4b75e735,Raul Seixas,raul seixas
3a5d1cc7-627e-48ea-aba3-fdd20d782c33,Chico Buarque,chico buarque
f168e033-2d59-401a-a9b1-2d704b24c17d,Capital Inicial,capital inicial
edc4f886-8d54-4908-b013-260bfcb50481,Sidewalks and Skeletons,sidewalks and skeletons
,Maverick Sabre,maverick sabre
35c6e25d-3c5c-400e-bead-44363b3d69f1,Elliot Moss,elliot moss
654da2d2-6114-46f2-8bfd-2d7566f14210,Elijah Blond,elijah blond
2aacfb78-92e1-4ba5-a921-5add89ae7750,DJ Douglinhas,dj douglinhas
ed667cac-2fdb-4401-973b-81c5b4a1717d,Luísa Sonza,luísa sonza
,DJ Topo,dj topo
,DJ CAYOO,dj cayoo
,MC Kevin O Chris,mc kevin o chris
,Kew,kew
e6f2029f-1af4-4e7c-b23a-1ecc3de6cf49,DJ Guuga,dj guuga
,mc saci,mc saci
9bb64b8f-d7a4-4fc0-954f-9c9e9d7b3bc3,Mr. Probz,mr. probz
,notsobad,notsobad
78ea5ea1-3c4d-4b7e-ac5d-68900319ebe2,Siouxsie and the Banshees,siouxsie and the banshees
c52a64bc-4db2-4079-91b6-c61d0a4f9cd3,MC LUUKY,mc luuky
772a926d-9b49-44af-adfc-5bd98eefb06a,Tanerélle,tanerélle
741a6c80-2d6e-4522-9de4-e070798a2d30,Tommy Richman,tommy richman
5580d8c4-c05e-4f46-a496-26d4f2f083bf,Davi Kneip,davi kneip
,Baco Exu do Blues,baco exu do blues
,DJ Petroski,dj petroski
,Patrick DJ,patrick dj
,Hans Zimmer,hans zimmer
f0368e85-014b-4e95-a3e0-f7c2a6a89f79,Clér Letiv,clér letiv
,ARTBAT,artbat
1f4bcfe8-f65c-4a1c-a1c1-469060248ed6,Kaleo,kaleo
1cab605c-d43b-4c3e-9e26-81f7a189bdb2,Clave Especial,clave especial
,19Clouds,19clouds
,Jhay Rivas,jhay rivas
,Row,row
,Marcel Khalife,marcel khalife
,Naeleck,naeleck
7981e88e-b5f2-435c-a70e-2df69399213e,Vök,vök
3a655c1f-fb31-431e-a6a8-92e80fa0c976,Sol Seppy,sol seppy
,Survivor,survivor
93cf754c-6bdc-4b05-96b5-f210a7936af6,Soap&Skin,soap&skin
8e66ea2b-b57b-47d9-8df0-df4630aeb8e5,Peter Gabriel,peter gabriel
,Bloc Party,bloc party
,Dead or Alive,dead or alive
52e256a5-ee6a-4659-b229-152baedb7273,Stomper,stomper
7cb6e306-a75b-48b4-be00-2c4aa6bbe3a8,GoldLink,goldlink
7df45a14-19d1-4273-b073-c7292790a6a6,Yot Club,yot club
2baf3276-ed6a-4349-8d2e-f4601e7b2167,Playboi Carti,playboi carti
92bf83e0-d79e-4390-871a-8f108bb50f82,O Terno,o terno
b3cf1138-7300-4c6a-9f5d-79457848499b,Adoniran Barbosa,adoniran barbosa
,DJ SV,dj sv
,MC Xenon,mc xenon
,GORDÃO DO PC,gordão do pc
,Tropa do Bruxo,tropa do bruxo
,MC Marks,mc marks
,MC Cebezinho,mc cebezinho
1d0ba673-7d0f-42b9-938f-2661d23b28f4,Felipe Amorim,felipe amorim
47c9ee6f-352d-466e-a85a-08c4a9f1a9a9,Oruam,oruam
614d3f0d-d370-49f0-a0f6-a534732fce39,Pimmie,pimmie
7e9b4c8e-0dce-4fbf-83eb-1d9e081cdec2,Plaza,plaza
4d7db1c4-3c00-4140-8c83-c6d99cfdecf4,Anna of the North,anna of the north
c687d924-dd67-4759-8e3d-b9f234af9e85,Hodari,hodari
9664220c-dd8a-4276-90b2-8c1c1e51a0f0,Delacruz,delacruz
,Salve Malak,salve malak
8eea42ed-bece-4802-b6f2-1873d16795e6,Łaszewo,łaszewo
,MC Caverinha,mc caverinha
f50cee24-a799-45da-b65f-fb0874cd521d,Roy Woods,roy woods
43b896c5-5652-4b04-bde1-2e4224bc99b3,Lola Young,lola young
b6d22fe9-65f7-4992-b537-e6f4c5d77f0e,Grupo Menos É Mais,grupo menos é mais
,Henry Freitas,henry freitas
c6db5c68-da57-41f9-8472-3da2e42977c4,James Brown & The Famous Flames,james brown & the famous flames
70e6fee5-36b1-4cdb-b573-2132f9566dad,Alexandra Stan,alexandra stan
,Ozuna,ozuna
,DJ LUAN GOMES,dj luan gomes
