timestamp_utc,timestamp_uts,track_url,track_name,artist_name
2025-01-29 14:07:23,1738170443,https://www.last.fm/music/Drake/_/No+Friends+in+the+Industry,No Friends in the Industry,Drake
2025-01-28 18:36:49,1738100209,https://www.last.fm/music/Kanye+West/_/Real+Friends,Real Friends,Kanye West
2025-01-28 14:02:45,1738083765,https://www.last.fm/music/Dennis/_/Vamos+Beber+(Joga+o+Copo+Pro+Alto),Vamos Beber (Joga o Copo Pro Alto),Dennis
2025-01-28 11:16:56,1738073816,https://www.last.fm/music/sombr/_/do+i+ever+cross+your+mind,do i ever cross your mind,sombr
2025-01-27 18:49:03,1738014543,https://www.last.fm/music/Teto/_/M4,M4,Teto
2025-01-27 18:46:59,1738014419,https://www.last.fm/music/MD+Chefe/_/Fragr%C3%A2ncia+-+Remix+(feat.+PL+Quest),Fragrância - Remix (feat. PL Quest),MD Chefe
2025-01-24 18:39:35,1737754775,https://www.last.fm/music/Drake/_/Make+Me+Proud,Make Me Proud,Drake
2025-01-23 20:45:56,1737675956,https://www.last.fm/music/Drake/_/Make+Me+Proud,Make Me Proud,Drake
2025-01-22 17:17:03,1737577023,https://www.last.fm/music/Drake/_/Don%E2%80%99t+Matter+To+Me+(with+Michael+Jackson),Don’t Matter To Me (with Michael Jackson),Drake
2025-01-22 14:55:06,1737568506,https://www.last.fm/music/The+Weeknd/_/Timeless+(with+Playboi+Carti),Timeless (with Playboi Carti),The Weeknd
2025-01-21 16:31:31,1737487891,https://www.last.fm/music/The+Weeknd/_/Timeless+(with+Playboi+Carti),Timeless (with Playboi Carti),The Weeknd
2025-01-21 15:16:34,1737483394,https://www.last.fm/music/SiR/_/John+Redcorn,John Redcorn,SiR
2025-01-21 10:07:01,1737464821,https://www.last.fm/music/Kanye+West/_/Real+Friends,Real Friends,Kanye West
2025-01-20 13:36:39,1737390999,https://www.last.fm/music/SiR/_/John+Redcorn,John Redcorn,SiR
2025-01-20 13:26:27,1737390387,https://www.last.fm/music/Drake/_/Don%E2%80%99t+Matter+To+Me+(with+Michael+Jackson),Don’t Matter To Me (with Michael Jackson),Drake
2025-01-19 18:19:20,1737321560,https://www.last.fm/music/Teto/_/M4,M4,Teto
2025-01-19 05:21:40,1737274900,https://www.last.fm/music/Kanye+West/_/Real+Friends,Real Friends,Kanye West
2025-01-18 18:50:00,1737237000,https://www.last.fm/music/Drake/_/Don%E2%80%99t+Matter+To+Me+(with+Michael+Jackson),Don’t Matter To Me (with Michael Jackson),Drake
2025-01-10 19:47:13,1736549233,https://www.last.fm/music/Drake/_/Don%E2%80%99t+Matter+To+Me+(with+Michael+Jackson),Don’t Matter To Me (with Michael Jackson),Drake
2025-01-09 20:21:05,1736464865,https://www.last.fm/music/Drake/_/Don%E2%80%99t+Matter+To+Me+(with+Michael+Jackson),Don’t Matter To Me (with Michael Jackson),Drake
2025-01-03 11:38:57,1735915137,https://www.last.fm/music/SiR/_/John+Redcorn,John Redcorn,SiR
2024-12-30 18:44:15,1735595055,https://www.last.fm/music/SiR/_/John+Redcorn,John Redcorn,SiR
2024-12-27 22:32:21,1735349541,https://www.last.fm/music/Drake/_/Make+Me+Proud,Make Me Proud,Drake
2024-12-26 20:04:49,1735254289,https://www.last.fm/music/The+Weeknd/_/Timeless+(with+Playboi+Carti),Timeless (with Playboi Carti),The Weeknd
2024-12-26 15:20:11,1735237211,https://www.last.fm/music/SiR/_/John+Redcorn,John Redcorn,SiR
2024-12-23 16:07:14,1734980834,https://www.last.fm/music/SiR/_/John+Redcorn,John Redcorn,SiR
2024-12-23 15:28:31,1734978511,https://www.last.fm/music/Drake/_/Don%E2%80%99t+Matter+To+Me+(with+Michael+Jackson),Don’t Matter To Me (with Michael Jackson),Drake
2024-12-22 18:46:27,1734903987,https://www.last.fm/music/Drake/_/Don%E2%80%99t+Matter+To+Me+(with+Michael+Jackson),Don’t Matter To Me (with Michael Jackson),Drake
2024-12-22 10:15:16,1734873316,https://www.last.fm/music/Drake/_/Don%E2%80%99t+Matter+To+Me+(with+Michael+Jackson),Don’t Matter To Me (with Michael Jackson),Drake
2024-12-20 16:20:27,1734722427,https://www.last.fm/music/SiR/_/John+Redcorn,John Redcorn,SiR
2024-12-19 21:36:21,1734654981,https://www.last.fm/music/The+Weeknd/_/Timeless+(with+Playboi+Carti),Timeless (with Playboi Carti),The Weeknd
2024-12-19 16:45:52,1734637552,https://www.last.fm/music/Drake/_/Don%E2%80%99t+Matter+To+Me+(with+Michael+Jackson),Don’t Matter To Me (with Michael Jackson),Drake
2024-12-17 17:06:35,1734465995,https://www.last.fm/music/SiR/_/John+Redcorn,John Redcorn,SiR
2024-12-16 21:20:52,1734394852,https://www.last.fm/music/SiR/_/John+Redcorn,John Redcorn,SiR
2024-12-16 21:06:02,1734393962,https://www.last.fm/music/Drake/_/Make+Me+Proud,Make Me Proud,Drake
2024-12-16 07:59:42,1734346782,https://www.last.fm/music/SiR/_/John+Redcorn,John Redcorn,SiR
2024-12-15 12:05:21,1734275121,https://www.last.fm/music/The+Weeknd/_/Timeless+(with+Playboi+Carti),Timeless (with Playboi Carti),The Weeknd
2024-12-13 10:21:34,1734096094,https://www.last.fm/music/Drake/_/Make+Me+Proud,Make Me Proud,Drake
2024-12-13 09:01:36,1734091296,https://www.last.fm/music/Drake/_/Make+Me+Proud,Make Me Proud,Drake
2024-12-13 07:06:11,1734084371,https://www.last.fm/music/Drake/_/Make+Me+Proud,Make Me Proud,Drake
2024-12-12 22:14:28,1734052468,https://www.last.fm/music/Drake/_/Make+Me+Proud,Make Me Proud,Drake
2024-12-12 10:41:34,1734010894,https://www.last.fm/music/Drake/_/Make+Me+Proud,Make Me Proud,Drake
2024-12-11 22:23:42,1733966622,https://www.last.fm/music/SiR/_/John+Redcorn,John Redcorn,SiR
2024-12-09 13:44:05,1733762645,https://www.last.fm/music/The+Weeknd/_/Timeless+(with+Playboi+Carti),Timeless (with Playboi Carti),The Weeknd
2024-12-07 18:45:13,1733607913,https://www.last.fm/music/SiR/_/John+Redcorn,John Redcorn,SiR
2024-12-07 16:49:22,1733600962,https://www.last.fm/music/The+Weeknd/_/Timeless+(with+Playboi+Carti),Timeless (with Playboi Carti),The Weeknd
2024-12-07 12:15:12,1733584512,https://www.last.fm/music/SiR/_/John+Redcorn,John Redcorn,SiR
2024-12-06 20:34:14,1733528054,https://www.last.fm/music/SiR/_/John+Redcorn,John Redcorn,SiR
2024-12-06 17:15:35,1733516135,https://www.last.fm/music/The+Weeknd/_/Timeless+(with+Playboi+Carti),Timeless (with Playboi Carti),The Weeknd
2024-12-06 17:05:50,1733515550,https://www.last.fm/music/SiR/_/John+Redcorn,John Redcorn,SiR
2024-12-05 16:19:52,1733426392,https://www.last.fm/music/The+Weeknd/_/Timeless+(with+Playboi+Carti),Timeless (with Playboi Carti),The Weeknd
2024-12-05 08:37:49,1733398669,https://www.last.fm/music/SiR/_/John+Redcorn,John Redcorn,SiR
2024-12-04 19:26:26,1733351186,https://www.last.fm/music/SiR/_/John+Redcorn,John Redcorn,SiR
2024-12-04 16:35:54,1733340954,https://www.last.fm/music/SiR/_/John+Redcorn,John Redcorn,SiR
2024-12-03 21:31:20,1733272280,https://www.last.fm/music/The+Weeknd/_/Timeless+(with+Playboi+Carti),Timeless (with Playboi Carti),The Weeknd
2024-12-03 18:32:13,1733261533,https://www.last.fm/music/SiR/_/John+Redcorn,John Redcorn,SiR
2024-12-02 18:57:15,1733176635,https://www.last.fm/music/The+Weeknd/_/Timeless+(with+Playboi+Carti),Timeless (with Playboi Carti),The Weeknd
2025-06-12 12:34:56,1749742496,https://www.last.fm/music/sombr/_/do+i+ever+cross+your+mind,do i ever cross your mind,sombr
2025-06-12 11:05:10,1749737110,https://www.last.fm/music/sombr/_/do+i+ever+cross+your+mind,do i ever cross your mind,sombr
2025-05-20 14:21:11,1747761671,https://www.last.fm/music/sombr/_/do+i+ever+cross+your+mind,do i ever cross your mind,sombr
2025-05-15 08:29:39,1747308579,https://www.last.fm/music/Drake/_/Make+Me+Proud,Make Me Proud,Drake
2026-08-21 19:36:01,1787351761,https://www.last.fm/music/Drake/_/Don%E2%80%99t+Matter+To+Me+(with+Michael+Jackson),Don’t Matter To Me (with Michael Jackson),Drake
2026-08-20 17:51:28,1787259088,https://www.last.fm/music/Drake/_/Don%E2%80%99t+Matter+To+Me+(with+Michael+Jackson),Don’t Matter To Me (with Michael Jackson),Drake
2026-08-19 17:50:02,1787172602,https://www.last.fm/music/Drake/_/Don%E2%80%99t+Matter+To+Me+(with+Michael+Jackson),Don’t Matter To Me (with Michael Jackson),Drake
2026-08-19 17:27:29,1787171249,https://www.last.fm/music/Drake/_/Don%E2%80%99t+Matter+To+Me+(with+Michael+Jackson),Don’t Matter To Me (with Michael Jackson),Drake
2026-08-18 10:15:37,1787058937,https://www.last.fm/music/Drake/_/Don%E2%80%99t+Matter+To+Me+(with+Michael+Jackson),Don’t Matter To Me (with Michael Jackson),Drake
2026-08-17 18:06:31,1787000791,https://www.last.fm/music/Drake/_/Don%E2%80%99t+Matter+To+Me+(with+Michael+Jackson),Don’t Matter To Me (with Michael Jackson),Drake
2026-08-14 22:09:58,1786756198,https://www.last.fm/music/Drake/_/Don%E2%80%99t+Matter+To+Me+(with+Michael+Jackson),Don’t Matter To Me (with Michael Jackson),Drake
2026-08-14 10:27:54,1786714074,https://www.last.fm/music/Drake/_/Don%E2%80%99t+Matter+To+Me+(with+Michael+Jackson),Don’t Matter To Me (with Michael Jackson),Drake
2025-11-19 07:53:37,1763549617,https://www.last.fm/music/Drake/_/Don%E2%80%99t+Matter+To+Me+(with+Michael+Jackson),Don’t Matter To Me (with Michael Jackson),Drake
2025-11-14 05:27:44,1763108864,https://www.last.fm/music/Drake/_/Don%E2%80%99t+Matter+To+Me+(with+Michael+Jackson),Don’t Matter To Me (with Michael Jackson),Drake
2025-11-13 16:00:37,1763060437,https://www.last.fm/music/Drake/_/Don%E2%80%99t+Matter+To+Me+(with+Michael+Jackson),Don’t Matter To Me (with Michael Jackson),Drake
2025-10-03 16:20:21,1759519221,https://www.last.fm/music/Kanye+West/_/Real+Friends,Real Friends,Kanye West
2025-09-05 22:02:24,1757120544,https://www.last.fm/music/Kanye+West/_/Real+Friends,Real Friends,Kanye West
2025-09-04 09:00:05,1756987205,https://www.last.fm/music/Kanye+West/_/Real+Friends,Real Friends,Kanye West
2025-08-27 14:40:15,1756316415,https://www.last.fm/music/Drake/_/Make+Me+Proud,Make Me Proud,Drake
2025-08-19 08:54:56,1755604496,https://www.last.fm/music/Drake/_/Make+Me+Proud,Make Me Proud,Drake
2026-08-25 17:56:45,1787691405,https://www.last.fm/music/Drake/_/Don%E2%80%99t+Matter+To+Me+(with+Michael+Jackson),Don’t Matter To Me (with Michael Jackson),Drake
